{
    "name": "default",
    "ignore": false,
    "texts": [
        {
            "id": "k9nz39u",
            "label": "distance",
            "top": 0.5768126719821132,
            "left": 0.410648839103071,
            "width": 0,
            "height": 0,
            "angle": 0,
            "fill": [
                "#D6D6D6",
                "#FFFFFF"
            ],
            "stroke": [
                "#FFFFFF",
                "#FFFFFF"
            ],
            "strokeWidth": 0,
            "scaleX": 1.147809459976029,
            "scaleY": 1.2827677139574483,
            "value": "22km",
            "fontSize": 0.04096638655462185,
            "fontFamily": "Termina Test",
            "fontWeight": 600,
            "fontStyle": "normal",
            "charSpacing": 0
        },
        {
            "id": "rcc1nf0",
            "label": "user",
            "top": 0.6440687398088388,
            "left": 0.14293206100283762,
            "width": 0,
            "height": 0,
            "angle": 0,
            "fill": [
                "#FFFFFF",
                "#FFFFFF"
            ],
            "stroke": [
                "#FFFFFF",
                "#FFFFFF"
            ],
            "strokeWidth": 0,
            "scaleX": 1.0447057355173286,
            "scaleY": 1.0145354530754302,
            "value": "speed",
            "fontSize": 0.04096638655462185,
            "fontFamily": "Termina Test",
            "fontWeight": 300,
            "fontStyle": "normal",
            "charSpacing": 0
        },
        {
            "id": "ucncncp",
            "label": "speed",
            "top": 0.5795959095745222,
            "left": 0.09808415930255567,
            "width": 0,
            "height": 0,
            "angle": 0,
            "fill": [
                "#D6D6D6",
                "#FFFFFF"
            ],
            "stroke": [
                "#FFFFFF",
                "#FFFFFF"
            ],
            "strokeWidth": 0,
            "scaleX": 1.135797145541828,
            "scaleY": 1.2693430039655833,
            "value": "10.7km/h",
            "fontSize": 0.04096638655462185,
            "fontFamily": "Termina Test",
            "fontWeight": 600,
            "fontStyle": "normal",
            "charSpacing": 0
        },
        {
            "id": "5rz9n54",
            "label": "user",
            "top": 0.6448890242166558,
            "left": 0.3917882728389068,
            "width": 0,
            "height": 0,
            "angle": 0,
            "fill": [
                "#FFFFFF",
                "#FFFFFF"
            ],
            "stroke": [
                "#FFFFFF",
                "#FFFFFF"
            ],
            "strokeWidth": 0,
            "scaleX": 1.0447057355173286,
            "scaleY": 1.0145354530754302,
            "value": "distance",
            "fontSize": 0.04096638655462185,
            "fontFamily": "Termina Test",
            "fontWeight": 300,
            "fontStyle": "normal",
            "charSpacing": 0
        },
        {
            "id": "5xu4j83",
            "label": "user",
            "top": 0.6434430949683808,
            "left": 0.705477950152229,
            "width": 0,
            "height": 0,
            "angle": 0,
            "fill": [
                "#FFFFFF",
                "#FFFFFF"
            ],
            "stroke": [
                "#FFFFFF",
                "#FFFFFF"
            ],
            "strokeWidth": 0,
            "scaleX": 1.0447057355173286,
            "scaleY": 1.0145354530754302,
            "value": "time",
            "fontSize": 0.04096638655462185,
            "fontFamily": "Termina Test",
            "fontWeight": 300,
            "fontStyle": "normal",
            "charSpacing": 0
        },
        {
            "id": "rlfai08",
            "label": "movingTime",
            "top": 0.5781052832885677,
            "left": 0.6707557279300066,
            "width": 0,
            "height": 0,
            "angle": 0,
            "fill": [
                "#D6D6D6",
                "#FFFFFF"
            ],
            "stroke": [
                "#FFFFFF",
                "#FFFFFF"
            ],
            "strokeWidth": 0,
            "scaleX": 1.147809459976029,
            "scaleY": 1.2827677139574483,
            "value": "2h04m",
            "fontSize": 0.04096638655462185,
            "fontFamily": "Termina Test",
            "fontWeight": 600,
            "fontStyle": "normal",
            "charSpacing": 0
        }
    ],
    "polys": [
        {
            "id": "",
            "label": "track_profile",
            "top": 0.14848287643474195,
            "left": 0.23640104607561746,
            "width": 0,
            "height": 0,
            "angle": 0.30276165713715886,
            "fill": [
                "#00000000",
                "#FBC70400"
            ],
            "stroke": [
                "#F5E30A",
                "#0A9DF5"
            ],
            "strokeWidth": 2,
            "scaleX": 0.5006506778942224,
            "scaleY": 0.510663691452107
        }
    ],
    "rects": [],
    "svgs": [
        {
            "left": 0.44010871055279704,
            "top": 0.7721772339219463,
            "width": 0.06594173098459895,
            "height": 0.12738359341389935,
            "url": "/svgs/strava_bo.svg",
            "angle": -0.014926677377437794,
            "stroke": null,
            "strokeWidth": 0,
            "fill": "rgb(0,0,0)",
            "scaleX": 1.7916904449236197,
            "scaleY": 1.7916904449236197
        }
    ],
    "height_percentage": 0.7081495706507435,
    "devicePixelRatio": 1.100000023841858
}