{
    "name": "default",
    "ignore": false,
    "texts": [
        {
            "id": "k9nz39u",
            "label": "distance",
            "top": 0.30288430348493384,
            "left": 0.34232366672862,
            "width": 0,
            "height": 0,
            "angle": 0,
            "fill": [
                "#D6D6D6",
                "#FFFFFF"
            ],
            "stroke": [
                "#FFFFFF",
                "#FFFFFF"
            ],
            "strokeWidth": 0,
            "scaleX": 1.147809459976029,
            "scaleY": 1.2827677139574483,
            "value": "22km",
            "fontSize": 0.04096638655462185,
            "fontFamily": "Termina Test",
            "fontWeight": 600,
            "fontStyle": "normal",
            "charSpacing": 0
        },
        {
            "id": "rcc1nf0",
            "label": "user",
            "top": 0.43873201660026656,
            "left": 0.06071799973949768,
            "width": 0,
            "height": 0,
            "angle": 0,
            "fill": [
                "#919191",
                "#FFFFFF"
            ],
            "stroke": [
                "#FFFFFF",
                "#FFFFFF"
            ],
            "strokeWidth": 0,
            "scaleX": 1.0447057355173286,
            "scaleY": 1.0145354530754302,
            "value": "speed",
            "fontSize": 0.04096638655462185,
            "fontFamily": "Termina Test",
            "fontWeight": 300,
            "fontStyle": "normal",
            "charSpacing": 0
        },
        {
            "id": "ucncncp",
            "label": "speed",
            "top": 0.3034915605248936,
            "left": 0.06100898692810454,
            "width": 0,
            "height": 0,
            "angle": 0,
            "fill": [
                "#D6D6D6",
                "#FFFFFF"
            ],
            "stroke": [
                "#FFFFFF",
                "#FFFFFF"
            ],
            "strokeWidth": 0,
            "scaleX": 1.135797145541828,
            "scaleY": 1.2693430039655833,
            "value": "10.7km/h",
            "fontSize": 0.04096638655462185,
            "fontFamily": "Termina Test",
            "fontWeight": 600,
            "fontStyle": "normal",
            "charSpacing": 0
        },
        {
            "id": "5rz9n54",
            "label": "user",
            "top": 0.4371226197832332,
            "left": 0.33908810046445564,
            "width": 0,
            "height": 0,
            "angle": 0,
            "fill": [
                "#919191",
                "#FFFFFF"
            ],
            "stroke": [
                "#FFFFFF",
                "#FFFFFF"
            ],
            "strokeWidth": 0,
            "scaleX": 1.0447057355173286,
            "scaleY": 1.0145354530754302,
            "value": "distance",
            "fontSize": 0.04096638655462185,
            "fontFamily": "Termina Test",
            "fontWeight": 300,
            "fontStyle": "normal",
            "charSpacing": 0
        },
        {
            "id": "5xu4j83",
            "label": "user",
            "top": 0.7276465782645882,
            "left": 0.06250000000000011,
            "width": 0,
            "height": 0,
            "angle": 0,
            "fill": [
                "#919191",
                "#FFFFFF"
            ],
            "stroke": [
                "#FFFFFF",
                "#FFFFFF"
            ],
            "strokeWidth": 0,
            "scaleX": 1.0447057355173286,
            "scaleY": 1.0145354530754302,
            "value": "time",
            "fontSize": 0.04096638655462185,
            "fontFamily": "Termina Test",
            "fontWeight": 300,
            "fontStyle": "normal",
            "charSpacing": 0
        },
        {
            "id": "rlfai08",
            "label": "time",
            "top": 0.6042240544289996,
            "left": 0.06076388888888891,
            "width": 0,
            "height": 0,
            "angle": 0,
            "fill": [
                "#D6D6D6",
                "#FFFFFF"
            ],
            "stroke": [
                "#FFFFFF",
                "#FFFFFF"
            ],
            "strokeWidth": 0,
            "scaleX": 1.147809459976029,
            "scaleY": 1.2827677139574483,
            "value": "2h04m",
            "fontSize": 0.04096638655462185,
            "fontFamily": "Termina Test",
            "fontWeight": 600,
            "fontStyle": "normal",
            "charSpacing": 0
        },
        {
            "id": "5qz1kkj",
            "label": "user",
            "top": 0.7280069612686332,
            "left": 0.3420138888888889,
            "width": 0,
            "height": 0,
            "angle": 0,
            "fill": [
                "#919191",
                "#FFFFFF"
            ],
            "stroke": [
                "#FFFFFF",
                "#FFFFFF"
            ],
            "strokeWidth": 0,
            "scaleX": 1.0447057355173286,
            "scaleY": 1.0145354530754302,
            "value": "calories",
            "fontSize": 0.04096638655462185,
            "fontFamily": "Termina Test",
            "fontWeight": 300,
            "fontStyle": "normal",
            "charSpacing": 0
        },
        {
            "id": "29cpc4z",
            "label": "user",
            "top": 0.6004432095019828,
            "left": 0.33974673202614386,
            "width": 0,
            "height": 0,
            "angle": 0,
            "fill": [
                "#D6D6D6",
                "#FFFFFF"
            ],
            "stroke": [
                "#FFFFFF",
                "#FFFFFF"
            ],
            "strokeWidth": 0,
            "scaleX": 1.147809459976029,
            "scaleY": 1.2827677139574483,
            "value": "N/A",
            "fontSize": 0.04096638655462185,
            "fontFamily": "Termina Test",
            "fontWeight": 600,
            "fontStyle": "normal",
            "charSpacing": 0
        },
        {
            "id": "b89dhqg",
            "label": "user",
            "top": 0.435514587446909,
            "left": 0.6614583333333334,
            "width": 0,
            "height": 0,
            "angle": 0,
            "fill": [
                "#919191",
                "#FFFFFF"
            ],
            "stroke": [
                "#FFFFFF",
                "#FFFFFF"
            ],
            "strokeWidth": 0,
            "scaleX": 1.0447057355173286,
            "scaleY": 1.0145354530754302,
            "value": "avg. power",
            "fontSize": 0.04096638655462185,
            "fontFamily": "Termina Test",
            "fontWeight": 300,
            "fontStyle": "normal",
            "charSpacing": 0
        },
        {
            "id": "0n5syn2",
            "label": "user",
            "top": 0.7255716275672931,
            "left": 0.6579861111111112,
            "width": 0,
            "height": 0,
            "angle": 0,
            "fill": [
                "#919191",
                "#FFFFFF"
            ],
            "stroke": [
                "#FFFFFF",
                "#FFFFFF"
            ],
            "strokeWidth": 0,
            "scaleX": 1.0447057355173286,
            "scaleY": 1.0145354530754302,
            "value": "max power",
            "fontSize": 0.04096638655462185,
            "fontFamily": "Termina Test",
            "fontWeight": 300,
            "fontStyle": "normal",
            "charSpacing": 0
        },
        {
            "id": "cayr47r",
            "label": "user",
            "top": 0.6050829543075317,
            "left": 0.6550163219177645,
            "width": 0,
            "height": 0,
            "angle": 0,
            "fill": [
                "#D6D6D6",
                "#FFFFFF"
            ],
            "stroke": [
                "#FFFFFF",
                "#FFFFFF"
            ],
            "strokeWidth": 0,
            "scaleX": 1.147809459976029,
            "scaleY": 1.2827677139574483,