{
    "name": "default",
    "ignore": false,
    "texts": [
        {
            "id": "k9nz39u",
            "label": "distance_value",
            "top": 0.39256736488467114,
            "left": 0.5894109369864995,
            "width": 0,
            "height": 0,
            "angle": 0,
            "fill": [
                "#FFFFFF",
                "#FFFFFF"
            ],
            "stroke": [
                "#FFFFFF",
                "#FFFFFF"
            ],
            "strokeWidth": 0,
            "scaleX": 1.6640016633064965,
            "scaleY": 1.8596532648420967,
            "value": "",
            "fontSize": 0.04096638655462185,
            "fontFamily": "PresicavHv",
            "fontWeight": 600,
            "fontStyle": "normal",
            "charSpacing": -50
        },
        {
            "id": "rcc1nf0",
            "label": "user",
            "top": 0.48213402557741053,
            "left": 0.17013888888888884,
            "width": 0,
            "height": 0,
            "angle": 0,
            "fill": [
                "#FFFFFF",
                "#FFFFFF"
            ],
            "stroke": [
                "#FFFFFF",
                "#FFFFFF"
            ],
            "strokeWidth": 0,
            "scaleX": 1.5145301917994094,
            "scaleY": 1.4707917474701617,
            "value": "speed",
            "fontSize": 0.04096638655462185,
            "fontFamily": "Termina Test",
            "fontWeight": 400,
            "fontStyle": "normal",
            "charSpacing": -50
        },
        {
            "id": "ucncncp",
            "label": "speed_value",
            "top": 0.3955959080486829,
            "left": 0.10069444444444445,
            "width": 0,
            "height": 0,
            "angle": 0,
            "fill": [
                "#FFFFFF",
                "#FFFFFF"
            ],
            "stroke": [
                "#FFFFFF",
                "#FFFFFF"
            ],
            "strokeWidth": 0,
            "scaleX": 1.64658717780549,
            "scaleY": 1.8401912020739983,
            "value": "",
            "fontSize": 0.04096638655462185,
            "fontFamily": "PresicavHv",
            "fontWeight": 600,
            "fontStyle": "normal",
            "charSpacing": -50
        },
        {
            "id": "5rz9n54",
            "label": "user",
            "top": 0.4793959306796149,
            "left": 0.5746527777777778,
            "width": 0,
            "height": 0,
            "angle": 0,
            "fill": [
                "#FFFFFF",
                "#FFFFFF"
            ],
            "stroke": [
                "#FFFFFF",
                "#FFFFFF"
            ],
            "strokeWidth": 0,
            "scaleX": 1.5145301917994094,
            "scaleY": 1.4707917474701617,
            "value": "distance",
            "fontSize": 0.04096638655462185,
            "fontFamily": "Termina Test",
            "fontWeight": 400,
            "fontStyle": "normal",
            "charSpacing": -50
        }
    ],
    "polys": [
        {
            "id": "",
            "label": "track_profile",
            "top": 0.0669855590296175,
            "left": 0.607802888350299,
            "width": 0,
            "height": 0,
            "angle": 89.9995637953198,
            "fill": [
                "#2196F3",
                "#E9D312"
            ],
            "stroke": [
                "#E91E63",
                "#03A9F4"
            ],
            "strokeWidth": 4,
            "scaleX": 0.5006506778942225,
            "scaleY": 0.5106636914521069
        }
    ],
    "rects": [],
    "svgs": [
        {
            "left": 0.452124047761623,
            "top": 0.7923243049888765,
            "width": 0.1049697586243009,
            "height": 0.1753541420271352,
            "url": "/svgs/strava_bo.svg",
            "angle": -11.144414180938938,
            "stroke": null,
            "strokeWidth": 0,
            "fill": "rgb(0,0,0)",
            "scaleX": 1,
            "scaleY": 1.0000000000000004
        }
    ],
    "height_percentage": 0.7447916666666666,
    "devicePixelRatio": 1
}