{
    "name": "default",
    "ignore": false,
    "texts": [
        {
            "id": "k9nz39u",
            "label": "distance",
            "top": 0.5990984963120809,
            "left": 0.5558653333952867,
            "width": 0,
            "height": 0,
            "angle": 0,
            "fill": [
                "#D6D6D6",
                "#FFFFFF"
            ],
            "stroke": [
                "#FFFFFF",
                "#FFFFFF"
            ],
            "strokeWidth": 0,
            "scaleX": 1.147809459976029,
            "scaleY": 1.2827677139574483,
            "value": "",
            "fontSize": 0.04096638655462185,
            "fontFamily": "Termina Test",
            "fontWeight": 600,
            "fontStyle": "normal",
            "charSpacing": 0
        },
        {
            "id": "rcc1nf0",
            "label": "user",
            "top": 0.6712163366668965,
            "left": 0.2742596664061643,
            "width": 0,
            "height": 0,
            "angle": 0,
            "fill": [
                "#919191",
                "#FFFFFF"
            ],
            "stroke": [
                "#FFFFFF",
                "#FFFFFF"
            ],
            "strokeWidth": 0,
            "scaleX": 1.0447057355173286,
            "scaleY": 1.0145354530754302,
            "value": "speed",
            "fontSize": 0.04096638655462185,
            "fontFamily": "Termina Test",
            "fontWeight": 300,
            "fontStyle": "normal",
            "charSpacing": 0
        },
        {
            "id": "ucncncp",
            "label": "speed",
            "top": 0.599420872488005,
            "left": 0.2745506535947712,
            "width": 0,
            "height": 0,
            "angle": 0,
            "fill": [
                "#D6D6D6",
                "#FFFFFF"
            ],
            "stroke": [
                "#FFFFFF",
                "#FFFFFF"
            ],
            "strokeWidth": 0,
            "scaleX": 1.135797145541828,
            "scaleY": 1.2693430039655833,
            "value": "",
            "fontSize": 0.04096638655462185,
            "fontFamily": "Termina Test",
            "fontWeight": 600,
            "fontStyle": "normal",
            "charSpacing": 0
        },
        {
            "id": "5rz9n54",
            "label": "user",
            "top": 0.6703619518557232,
            "left": 0.5526297671311223,
            "width": 0,
            "height": 0,
            "angle": 0,
            "fill": [
                "#919191",
                "#FFFFFF"
            ],
            "stroke": [
                "#FFFFFF",
                "#FFFFFF"
            ],
            "strokeWidth": 0,
            "scaleX": 1.0447057355173286,
            "scaleY": 1.0145354530754302,
            "value": "distance",
            "fontSize": 0.04096638655462185,
            "fontFamily": "Termina Test",
            "fontWeight": 300,
            "fontStyle": "normal",
            "charSpacing": 0
        },
        {
            "id": "5xu4j83",
            "label": "user",
            "top": 0.8245931860555917,
            "left": 0.27604166666666674,
            "width": 0,
            "height": 0,
            "angle": 0,
            "fill": [
                "#919191",
                "#FFFFFF"
            ],
            "stroke": [
                "#FFFFFF",
                "#FFFFFF"
            ],
            "strokeWidth": 0,
            "scaleX": 1.0447057355173286,
            "scaleY": 1.0145354530754302,
            "value": "time",
            "fontSize": 0.04096638655462185,
            "fontFamily": "Termina Test",
            "fontWeight": 300,
            "fontStyle": "normal",
            "charSpacing": 0
        },
        {
            "id": "rlfai08",
            "label": "time",
            "top": 0.7590715393083505,
            "left": 0.2743055555555556,
            "width": 0,
            "height": 0,
            "angle": 0,
            "fill": [
                "#D6D6D6",
                "#FFFFFF"
            ],
            "stroke": [
                "#FFFFFF",
                "#FFFFFF"
            ],
            "strokeWidth": 0,
            "scaleX": 1.147809459976029,
            "scaleY": 1.2827677139574483,
            "value": "",
            "fontSize": 0.04096638655462185,
            "fontFamily": "Termina Test",
            "fontWeight": 700,
            "fontStyle": "normal",
            "charSpacing": 0
        },
        {
            "id": "5qz1kkj",
            "label": "user",
            "top": 0.8247845035489546,
            "left": 0.5555555555555556,
            "width": 0,
            "height": 0,
            "angle": 0,
            "fill": [
                "#919191",
                "#FFFFFF"
            ],
            "stroke": [
                "#FFFFFF",
                "#FFFFFF"
            ],
            "strokeWidth": 0,
            "scaleX": 1.0447057355173286,
            "scaleY": 1.0145354530754302,
            "value": "calories",
            "fontSize": 0.04096638655462185,
            "fontFamily": "Termina Test",
            "fontWeight": 300,
            "fontStyle": "normal",
            "charSpacing": 0
        },
        {
            "id": "29cpc4z",
            "label": "calories",
            "top": 0.7570643920064197,
            "left": 0.5503472222222222,
            "width": 0,
            "height": 0,
            "angle": 0,
            "fill": [
                "#D6D6D6",
                "#FFFFFF"
            ],
            "stroke": [
                "#FFFFFF",
                "#FFFFFF"
            ],
            "strokeWidth": 0,
            "scaleX": 1.147809459976029,
            "scaleY": 1.2827677139574483,
            "value": "N/A",
            "fontSize": 0.04096638655462185,
            "fontFamily": "Termina Test",
            "fontWeight": 700,
            "fontStyle": "normal",
            "charSpacing": 0
        }
    ],
    "polys": [
        {
            "id": "",
            "label": "track_profile",
            "top": 0.06567613064951686,
            "left": 0.5785056911528246,
            "width": 0,
            "height": 0,
            "angle": 89.9995637953198,
            "fill": [
                "#00000000",
                "#FBC70400"
            ],
            "stroke": [
                "#D1D1D1",
                "#FFFFFF"
            ],
            "strokeWidth": 2,
            "scaleX": 0.31325048812050904,
            "scaleY": 0.3195154978829193
        }
    ],
    "rects": [],
    "svgs": [],
    "height_percentage": 0.7326388888888888,
    "devicePixelRatio": 1
}