{
    "name": "default",
    "ignore": false,
    "texts": [
        {
            "id": "k9nz39u",
            "label": "distance",
            "top": 0.5707660930094122,
            "left": 0.4082958889508422,
            "width": 0,
            "height": 0,
            "angle": 0,
            "fill": [
                "#D6D6D6",
                "#FFFFFF"
            ],
            "stroke": [
                "#FFFFFF",
                "#FFFFFF"
            ],
            "strokeWidth": 0,
            "scaleX": 1.147809459976029,
            "scaleY": 1.2827677139574483,
            "value": "",
            "fontSize": 0.04096638655462185,
            "fontFamily": "Zen Dots",
            "fontWeight": 600,
            "fontStyle": "normal",
            "charSpacing": 0
        },
        {
            "id": "rcc1nf0",
            "label": "user",
            "top": 0.6336952237886465,
            "left": 0.0884957775172754,
            "width": 0,
            "height": 0,
            "angle": 0,
            "fill": [
                "#919191",
                "#FFFFFF"
            ],
            "stroke": [
                "#FFFFFF",
                "#FFFFFF"
            ],
            "strokeWidth": 0,
            "scaleX": 1.0447057355173286,
            "scaleY": 1.0145354530754302,
            "value": "speed",
            "fontSize": 0.04096638655462185,
            "fontFamily": "Zen Dots",
            "fontWeight": 600,
            "fontStyle": "normal",
            "charSpacing": 0
        },
        {
            "id": "ucncncp",
            "label": "speed",
            "top": 0.5733702702695758,
            "left": 0.047120098039215685,
            "width": 0,
            "height": 0,
            "angle": 0,
            "fill": [
                "#D6D6D6",
                "#FFFFFF"
            ],
            "stroke": [
                "#FFFFFF",
                "#FFFFFF"
            ],
            "strokeWidth": 0,
            "scaleX": 1.135797145541828,
            "scaleY": 1.2693430039655833,
            "value": "",
            "fontSize": 0.04096638655462185,
            "fontFamily": "Zen Dots",
            "fontWeight": 600,
            "fontStyle": "normal",
            "charSpacing": 0
        },
        {
            "id": "5rz9n54",
            "label": "user",
            "top": 0.6305766137250568,
            "left": 0.3859631004644557,
            "width": 0,
            "height": 0,
            "angle": 0,
            "fill": [
                "#919191",
                "#FFFFFF"
            ],
            "stroke": [
                "#FFFFFF",
                "#FFFFFF"
            ],
            "strokeWidth": 0,
            "scaleX": 1.0447057355173286,
            "scaleY": 1.0145354530754302,
            "value": "distance",
            "fontSize": 0.04096638655462185,
            "fontFamily": "Zen Dots",
            "fontWeight": 600,
            "fontStyle": "normal",
            "charSpacing": 0
        },
        {
            "id": "5xu4j83",
            "label": "user",
            "top": 0.6331098299757348,
            "left": 0.7534722222222223,
            "width": 0,
            "height": 0,
            "angle": 0,
            "fill": [
                "#919191",
                "#FFFFFF"
            ],
            "stroke": [
                "#FFFFFF",
                "#FFFFFF"
            ],
            "strokeWidth": 0,
            "scaleX": 1.0447057355173286,
            "scaleY": 1.0145354530754302,
            "value": "time",
            "fontSize": 0.04096638655462185,
            "fontFamily": "Zen Dots",
            "fontWeight": 600,
            "fontStyle": "normal",
            "charSpacing": 0
        },
        {
            "id": "rlfai08",
            "label": "time",
            "top": 0.5719755438229827,
            "left": 0.7118055555555556,
            "width": 0,
            "height": 0,
            "angle": 0,
            "fill": [
                "#D6D6D6",
                "#FFFFFF"
            ],
            "stroke": [
                "#FFFFFF",
                "#FFFFFF"
            ],
            "strokeWidth": 0,
            "scaleX": 1.147809459976029,
            "scaleY": 1.2827677139574483,
            "value": "",
            "fontSize": 0.04096638655462185,
            "fontFamily": "Zen Dots",
            "fontWeight": 600,
            "fontStyle": "normal",
            "charSpacing": 0
        }
    ],
    "polys": [
        {
            "id": "",
            "label": "track_profile",
            "top": 0.08858081942816576,
            "left": 0.609396025605201,
            "width": 0,
            "height": 0,
            "angle": 89.9995637953198,
            "fill": [
                "#00000000",
                "#FBC70400"
            ],
            "stroke": [
                "#F5E30A",
                "#0A9DF5"
            ],
            "strokeWidth": 2,
            "scaleX": 0.5006506778942225,
            "scaleY": 0.5106636914521069
        }
    ],
    "rects": [],
    "svgs": [
        {
            "left": 0.46656351667136114,
            "top": 0.8136175548306136,
            "width": 0.07773511063924116,
            "height": 0.14050462956092782,
            "url": "/svgs/strava_bo.svg",
            "angle": 359.98507332262255,
            "stroke": null,
            "strokeWidth": 0,
            "fill": "rgb(0,0,0)",
            "scaleX": 2.11212615877399,
            "scaleY": 2.11212615877399
        }
    ],
    "height_percentage": 0.7568411475797672,
    "devicePixelRatio": 1
}