{
    "name": "default",
    "ignore": false,
    "texts": [
        {
            "id": "k9nz39u",
            "label": "distance_value",
            "top": 0.23695759894655666,
            "left": 0.5688227016923818,
            "width": 0,
            "height": 0,
            "angle": 0,
            "fill": [
                "#FFFFFF",
                "#FFFFFF"
            ],
            "stroke": [
                "#FFFFFF",
                "#FFFFFF"
            ],
            "strokeWidth": 0,
            "scaleX": 1.6640016633064965,
            "scaleY": 1.8596532648420967,
            "value": "",
            "fontSize": 0.04096638655462185,
            "fontFamily": "PresicavHv",
            "fontWeight": 600,
            "fontStyle": "normal",
            "charSpacing": 0
        },
        {
            "id": "rcc1nf0",
            "label": "user",
            "top": 0.28653331664784293,
            "left": 0.1495506535947712,
            "width": 0,
            "height": 0,
            "angle": 0,
            "fill": [
                "#FFFFFF",
                "#FFFFFF"
            ],
            "stroke": [
                "#FFFFFF",
                "#FFFFFF"
            ],
            "strokeWidth": 0,
            "scaleX": 1.5145301917994094,
            "scaleY": 1.4707917474701617,
            "value": "speed",
            "fontSize": 0.04096638655462185,
            "fontFamily": "Termina Test",
            "fontWeight": 600,
            "fontStyle": "normal",
            "charSpacing": 0
        },
        {
            "id": "ucncncp",
            "label": "speed_value",
            "top": 0.23863391689548935,
            "left": 0.0801062091503268,
            "width": 0,
            "height": 0,
            "angle": 0,
            "fill": [
                "#FFFFFF",
                "#FFFFFF"
            ],
            "stroke": [
                "#FFFFFF",
                "#FFFFFF"
            ],
            "strokeWidth": 0,
            "scaleX": 1.64658717780549,
            "scaleY": 1.8401912020739983,
            "value": "",
            "fontSize": 0.04096638655462185,
            "fontFamily": "PresicavHv",
            "fontWeight": 600,
            "fontStyle": "normal",
            "charSpacing": 0
        },
        {
            "id": "5rz9n54",
            "label": "user",
            "top": 0.2850177636659347,
            "left": 0.5540645424836602,
            "width": 0,
            "height": 0,
            "angle": 0,
            "fill": [
                "#FFFFFF",
                "#FFFFFF"
            ],
            "stroke": [
                "#FFFFFF",
                "#FFFFFF"
            ],
            "strokeWidth": 0,
            "scaleX": 1.5145301917994094,
            "scaleY": 1.4707917474701617,
            "value": "distance",
            "fontSize": 0.04096638655462185,
            "fontFamily": "Termina Test",
            "fontWeight": 600,
            "fontStyle": "normal",
            "charSpacing": 0
        }
    ],
    "polys": [
        {
            "id": "",
            "label": "track_profile",
            "top": 0.08078595569676766,
            "left": 0.5989793589385344,
            "width": 0,
            "height": 0,
            "angle": 89.9995637953198,
            "fill": [
                "#00000000",
                "#FBC70400"
            ],
            "stroke": [
                "#B80454",
                "#FBC704"
            ],
            "strokeWidth": 2,
            "scaleX": 0.5006506778942225,
            "scaleY": 0.5106636914521069
        }
    ],
    "rects": [],
    "svgs": [
        {
            "left": 0.4445563718637675,
            "top": 0.46146904950997164,
            "width": 0.10358104931054087,
            "height": 0.10530434077108101,
            "url": "/svgs/strava_bo.svg",
            "angle": 359.98507332262255,
            "stroke": null,
            "strokeWidth": 0,
            "fill": "rgb(0,0,0)",
            "scaleX": 1.6612667552679163,
            "scaleY": 1.6612667552679163
        }
    ],
    "height_percentage": 1.3455882352941178,
    "devicePixelRatio": 3.5
}