{
    "name": "default",
    "ignore": false,
    "texts": [
        {
            "id": "k9nz39u",
            "label": "distance_value",
            "top": 0.6170150532177061,
            "left": 0.2843864271825775,
            "width": 0,
            "height": 0,
            "angle": 0,
            "fill": [
                "#FF0606",
                "#ED1919"
            ],
            "stroke": [
                "#FFFFFF",
                "#FFFFFF"
            ],
            "strokeWidth": 0,
            "scaleX": 1.071286293723196,
            "scaleY": 1.1972470326407239,
            "value": "",
            "fontSize": 0.04096638655462185,
            "fontFamily": "Termina Test",
            "fontWeight": 600,
            "fontStyle": "normal",
            "charSpacing": 0
        },
        {
            "id": "ucncncp",
            "label": "pace_value",
            "top": 0.7822375312233446,
            "left": 0.36700409850421284,
            "width": 0,
            "height": 0,
            "angle": 0,
            "fill": [
                "#FF0606",
                "#ED1919"
            ],
            "stroke": [
                "#FFFFFF",
                "#FFFFFF"
            ],
            "strokeWidth": 0,
            "scaleX": 1.071286293723196,
            "scaleY": 1.1972470326407239,
            "value": "",
            "fontSize": 0.04096638655462185,
            "fontFamily": "Termina Test",
            "fontWeight": 600,
            "fontStyle": "normal",
            "charSpacing": 0
        },
        {
            "id": "tymvast",
            "label": "pace_value_unit",
            "top": 0.7976409304180679,
            "left": 0.5251225490196082,
            "width": 0,
            "height": 0,
            "angle": 0,
            "fill": [
                "#A71A1A",
                "#F83030"
            ],
            "stroke": [
                "#FFFFFF",
                "#FFFFFF"
            ],
            "strokeWidth": 0,
            "scaleX": 0.8536286463197584,
            "scaleY": 0.953997423257913,
            "value": "",
            "fontSize": 0.04096638655462185,
            "fontFamily": "Termina Test",
            "fontWeight": 400,
            "fontStyle": "normal",
            "charSpacing": 0
        },
        {
            "id": "u5xj14e",
            "label": "movingTime_value",
            "top": 0.6217326968527905,
            "left": 0.49826388888888884,
            "width": 0,
            "height": 0,
            "angle": 0,
            "fill": [
                "#FF0606",
                "#ED1919"
            ],
            "stroke": [
                "#FFFFFF",
                "#FFFFFF"
            ],
            "strokeWidth": 0,
            "scaleX": 1.071286293723196,
            "scaleY": 1.1972470326407239,
            "value": "",
            "fontSize": 0.04096638655462185,
            "fontFamily": "Termina Test",
            "fontWeight": 600,
            "fontStyle": "normal",
            "charSpacing": 0
        },
        {
            "id": "78azuks",
            "label": "distance_value_unit",
            "top": 0.6312928682487585,
            "left": 0.3566067065217481,
            "width": 0,
            "height": 0,
            "angle": 0,
            "fill": [
                "#A71A1A",
                "#F83030"
            ],
            "stroke": [
                "#FFFFFF",
                "#FFFFFF"
            ],
            "strokeWidth": 0,
            "scaleX": 0.8536286463197584,
            "scaleY": 0.953997423257913,
            "value": "",
            "fontSize": 0.04096638655462185,
            "fontFamily": "Termina Test",
            "fontWeight": 400,
            "fontStyle": "normal",
            "charSpacing": 0
        },
        {
            "id": "0bviska",
            "label": "user",
            "top": 0.6871886407834094,
            "left": 0.2986111111111115,
            "width": 0,
            "height": 0,
            "angle": 0,
            "fill": [
                "#AB1414",
                "#F83030"
            ],
            "stroke": [
                "#FFFFFF",
                "#FFFFFF"
            ],
            "strokeWidth": 0,
            "scaleX": 0.6192936805904314,
            "scaleY": 0.6921095936392377,
            "value": "distance",
            "fontSize": 0.04096638655462185,
            "fontFamily": "Termina Test",
            "fontWeight": 400,
            "fontStyle": "normal",
            "charSpacing": 0
        },
        {
            "id": "1y9p5yr",
            "label": "user",
            "top": 0.8498833209377298,
            "left": 0.43480898550086444,
            "width": 0,
            "height": 0,
            "angle": 0,
            "fill": [
                "#AB1414",
                "#F83030"
            ],
            "stroke": [
                "#FFFFFF",
                "#FFFFFF"
            ],
            "strokeWidth": 0,
            "scaleX": 0.6192936805904314,
            "scaleY": 0.6921095936392377,
            "value": "pace",
            "fontSize": 0.04096638655462185,
            "fontFamily": "Termina Test",
            "fontWeight": 400,
            "fontStyle": "normal",
            "charSpacing": 0
        },
        {
            "id": "kzbk70u",
            "label": "user",
            "top": 0.6892777194069412,
            "left": 0.5539862527536551,
            "width": 0,
            "height": 0,
            "angle": 0,
            "fill": [
                "#AB1414",
                "#F83030"
            ],
            "stroke": [
                "#FFFFFF",
                "#FFFFFF"
            ],
            "strokeWidth": 0,
            "scaleX": 0.6192936805904314,
            "scaleY": 0.6921095936392377,
            "value": "time",
            "fontSize": 0.04096638655462185,
            "fontFamily": "Termina Test",
            "fontWeight": 400,
            "fontStyle": "normal",
            "charSpacing": 0
        }
    ],
    "polys": [
        {
            "id": "",
            "label": "track_profile",
            "top": 0.21640759685950847,
            "left": 0.3069035947712416,
            "width": 0,
            "height": 0,
            "angle": 0,
            "fill": [
                null,
                null
            ],
            "stroke": [
                "#FF236E",
                "#FF776D"
            ],
            "strokeWidth": 2,
            "scaleX": 0.3785772746170183,
            "scaleY": 0.37857727461701823
        }
    ],
    "rects": [],
    "svgs": [],
    "height_percentage": 0.6052803653810869,
    "devicePixelRatio": 1.100000023841858
}