{
    "name": "default",
    "ignore": false,
    "texts": [
        {
            "id": "es6pg72",
            "label": "user",
            "top": 0.12132305712637172,
            "left": 0.41980489979288743,
            "width": 0,
            "height": 0,
            "angle": 0,
            "fill": [
                "#F9FAFB",
                "#F9FAFB"
            ],
            "stroke": [
                "#FFFFFF",
                "#FFFFFF"
            ],
            "strokeWidth": 0,
            "scaleX": 0.6620021101736638,
            "scaleY": 0.6428840083368996,
            "value": "Distance",
            "fontSize": 0.04096638655462185,
            "fontFamily": "Termina Test",
            "fontWeight": 400,
            "fontStyle": "normal",
            "charSpacing": 0
        },
        {
            "id": "k9nz39u",
            "label": "distance",
            "top": 0.16660291509174285,
            "left": 0.42298452312443735,
            "width": 0,
            "height": 0,
            "angle": 0,
            "fill": [
                "#F9FAFB",
                "#F9FAFB"
            ],
            "stroke": [
                "#FFFFFF",
                "#FFFFFF"
            ],
            "strokeWidth": 0,
            "scaleX": 0.9427077030394635,
            "scaleY": 1.0535503037091754,
            "value": "22km",
            "fontSize": 0.04096638655462185,
            "fontFamily": "Termina Test",
            "fontWeight": 600,
            "fontStyle": "normal",
            "charSpacing": 0
        },
        {
            "id": "ucncncp",
            "label": "pace",
            "top": 0.3294774734766092,
            "left": 0.38674108771882154,
            "width": 0,
            "height": 0,
            "angle": 0,
            "fill": [
                "#F9FAFB",
                "#F9FAFB"
            ],
            "stroke": [
                "#FFFFFF",
                "#FFFFFF"
            ],
            "strokeWidth": 0,
            "scaleX": 0.8811325818635547,
            "scaleY": 0.9847352432120063,
            "value": "05:37/km",
            "fontSize": 0.04096638655462185,
            "fontFamily": "Termina Test",
            "fontWeight": 600,
            "fontStyle": "normal",
            "charSpacing": 0
        },
        {
            "id": "u5xj14e",
            "label": "movingTime_value",
            "top": 0.4792872457779527,
            "left": 0.40840702710422133,
            "width": 0,
            "height": 0,
            "angle": 0,
            "fill": [
                "#F9FAFB",
                "#F9FAFB"
            ],
            "stroke": [
                "#FFFFFF",
                "#FFFFFF"
            ],
            "strokeWidth": 0,
            "scaleX": 0.9057781818133039,
            "scaleY": 1.012278647417187,
            "value": "2:04:13",
            "fontSize": 0.04096638655462185,
            "fontFamily": "Termina Test",
            "fontWeight": 600,
            "fontStyle": "normal",
            "charSpacing": 0
        },
        {
            "id": "ym5n7mr",
            "label": "user",
            "top": 0.28178802289433746,
            "left": 0.4487774750886222,
            "width": 0,
            "height": 0,
            "angle": 0,
            "fill": [
                "#F9FAFB",
                "#F9FAFB"
            ],
            "stroke": [
                "#FFFFFF",
                "#FFFFFF"
            ],
            "strokeWidth": 0,
            "scaleX": 0.6620021101736638,
            "scaleY": 0.6428840083368996,
            "value": "Pace",
            "fontSize": 0.04096638655462185,
            "fontFamily": "Termina Test",
            "fontWeight": 400,
            "fontStyle": "normal",
            "charSpacing": 0
        },
        {
            "id": "ap2c4vb",
            "label": "user",
            "top": 0.43734756417346593,
            "left": 0.4499648412058106,
            "width": 0,
            "height": 0,
            "angle": 0,
            "fill": [
                "#F9FAFB",
                "#F9FAFB"
            ],
            "stroke": [
                "#FFFFFF",
                "#FFFFFF"
            ],
            "strokeWidth": 0,
            "scaleX": 0.6620021101736638,
            "scaleY": 0.6428840083368996,
            "value": "Time",
            "fontSize": 0.04096638655462185,
            "fontFamily": "Termina Test",
            "fontWeight": 400,
            "fontStyle": "normal",
            "charSpacing": 0
        }
    ],
    "polys": [
        {
            "id": "",
            "label": "track_profile",
            "top": 0.23957144119822008,
            "left": 0.32291666666666696,
            "width": 0,
            "height": 0,
            "angle": 0,
            "fill": [
                null,
                null
            ],
            "stroke": [
                "#E91E63",
                "#FC5200"
            ],
            "strokeWidth": 1,
            "scaleX": 0.34196144175021803,
            "scaleY": 0.34196144175021803
        }
    ],
    "rects": [],
    "svgs": [
        {
            "left": 0.46458222734730725,
            "top": 0.5907349910335069,
            "width": 0.05868500005973734,
            "height": 0.07423678124266873,
            "url": "/svgs/run-sport.svg",
            "angle": 0,
            "stroke": null,
            "strokeWidth": 0,
            "fill": "rgb(0,0,0)",
            "scaleX": 0.07517603784156525,
            "scaleY": 0.07517603784156525
        }
    ],
    "height_percentage": 0.5877311688612097,
    "devicePixelRatio": 1.25
}