{
    "name": "default",
    "ignore": false,
    "texts": [
        {
            "id": "es6pg72",
            "label": "user",
            "top": 0.881271084490172,
            "left": 0.41406149563809,
            "width": 0,
            "height": 0,
            "angle": 0,
            "fill": [
                "#FFFFFF",
                "#FFFFFF"
            ],
            "stroke": [
                "#FFFFFF",
                "#FFFFFF"
            ],
            "strokeWidth": 0,
            "scaleX": 0.9470724363438824,
            "scaleY": 0.9197217270235377,
            "value": "Distance",
            "fontSize": 0.04096638655462185,
            "fontFamily": "Kanit",
            "fontWeight": 300,
            "fontStyle": "normal",
            "charSpacing": 0
        },
        {
            "id": "k9nz39u",
            "label": "distance",
            "top": 0.7942393058542319,
            "left": 0.41520822917698186,
            "width": 0,
            "height": 0,
            "angle": 0,
            "fill": [
                "#FFFFFF",
                "#FFFFFF"
            ],
            "stroke": [
                "#FFFFFF",
                "#FFFFFF"
            ],
            "strokeWidth": 0,
            "scaleX": 1.1688948116549986,
            "scaleY": 1.3063322595674718,
            "value": "22km",
            "fontSize": 0.04096638655462185,
            "fontFamily": "Kanit",
            "fontWeight": 600,
            "fontStyle": "normal",
            "charSpacing": 0
        },
        {
            "id": "ucncncp",
            "label": "pace",
            "top": 0.7975028468599136,
            "left": 0.7777857389544415,
            "width": 0,
            "height": 0,
            "angle": 0,
            "fill": [
                "#FFFFFF",
                "#FFFFFF"
            ],
            "stroke": [
                "#FFFFFF",
                "#FFFFFF"
            ],
            "strokeWidth": 0,
            "scaleX": 1.1067188387090068,
            "scaleY": 1.2368456997680115,
            "value": "05:37/km",
            "fontSize": 0.04096638655462185,
            "fontFamily": "Kanit",
            "fontWeight": 600,
            "fontStyle": "normal",
            "charSpacing": 0
        },
        {
            "id": "tymvast",
            "label": "user",
            "top": 0.8825047833841669,
            "left": 0.7789631337902712,
            "width": 0,
            "height": 0,
            "angle": 0,
            "fill": [
                "#FFFFFF",
                "#FFFFFF"
            ],
            "stroke": [
                "#FFFFFF",
                "#FFFFFF"
            ],
            "strokeWidth": 0,
            "scaleX": 0.9470724363438824,
            "scaleY": 0.9197217270235377,
            "value": "Pace",
            "fontSize": 0.04096638655462185,
            "fontFamily": "Kanit",
            "fontWeight": 300,
            "fontStyle": "normal",
            "charSpacing": 0
        },
        {
            "id": "t925y03",
            "label": "user",
            "top": 0.8818602667187581,
            "left": 0.041666666666666546,
            "width": 0,
            "height": 0,
            "angle": 0,
            "fill": [
                "#FFFFFF",
                "#FFFFFF"
            ],
            "stroke": [
                "#FFFFFF",
                "#FFFFFF"
            ],
            "strokeWidth": 0,
            "scaleX": 0.9470724363438824,
            "scaleY": 0.9197217270235377,
            "value": "Duration",
            "fontSize": 0.04096638655462185,
            "fontFamily": "Kanit",
            "fontWeight": 300,
            "fontStyle": "normal",
            "charSpacing": 0
        },
        {
            "id": "u5xj14e",
            "label": "movingTime",
            "top": 0.7950974329708308,
            "left": 0.04166666666666625,
            "width": 0,
            "height": 0,
            "angle": 0,
            "fill": [
                "#FFFFFF",
                "#FFFFFF"
            ],
            "stroke": [
                "#FFFFFF",
                "#FFFFFF"
            ],
            "strokeWidth": 0,
            "scaleX": 1.1431645134607515,
            "scaleY": 1.2775766194155194,
            "value": "2:04:13",
            "fontSize": 0.04096638655462185,
            "fontFamily": "Kanit",
            "fontWeight": 600,
            "fontStyle": "normal",
            "charSpacing": 0
        },
        {
            "id": "ngccbqu",
            "label": "altitude_max",
            "top": 0.5844082810797353,
            "left": 0.8943821598770748,
            "width": 0,
            "height": 0,
            "angle": 0,
            "fill": [
                "#FFFFFF",
                "#FFFFFF"
            ],
            "stroke": [
                "#FFFFFF00",
                "#FFFFFF00"
            ],
            "strokeWidth": 0,
            "scaleX": 0.8293658433189173,
            "scaleY": 0.6582023356086006,
            "value": "51m",
            "fontSize": 0.04096638655462185,
            "fontFamily": "Archivo Narrow",
            "fontWeight": 200,
            "fontStyle": "normal",
            "charSpacing": 0
        },
        {
            "id": "wbh63d8",
            "label": "altitude_min",
            "top": 0.6768089608057961,
            "left": 0.8958333333333334,
            "width": 0,
            "height": 0,
            "angle": 0,
            "fill": [
                "#FFFFFF",
                "#FFFFFF"
            ],
            "stroke": [
                "#FFFFFF00",
                "#FFFFFF00"
            ],
            "strokeWidth": 0,
            "scaleX": 0.8293658433189173,
            "scaleY": 0.6582023356086006,
            "value": "0m",
            "fontSize": 0.04096638655462185,
            "fontFamily": "Archivo Narrow",
            "fontWeight": 100,
            "fontStyle": "normal",
            "charSpacing": 0
        }
    ],
    "polys": [
        {
            "id": "",
            "label": "track_profile",
            "top": 0.20650264490334916,
            "left": 0.2882035070775464,
            "width": 0,
            "height": 0,
            "angle": 0,
            "fill": [
                null,
                null
            ],
            "stroke": [
                "#FFFFFF",
                "#FFFFFF"
            ],
            "strokeWidth": 1,
            "scaleX": 0.43010093498947616,
            "scaleY": 0.43010093498947605
        },
        {
            "id": "",
            "label": "elevation_profile",
            "top": 0.6181949159841374,
            "left": 0.04575577280879781,
            "width": 0,
            "height": 0,
            "angle": 0,
            "fill": [
                "#FFFFFF00",
                "#FFF3F742"
            ],
            "stroke": [
                "#FFFFFF00",
                "#FFFFFF7D"
            ],
            "strokeWidth": 1,
            "scaleX": 0.8166966006240283,
            "scaleY": 0.8907960435994312
        }
    ],
    "rects": [],
    "svgs": [],
    "height_percentage": 0.65788206612564,
    "devicePixelRatio": 1
}