{
    "name": "default",
    "ignore": false,
    "texts": [],
    "polys": [],
    "rects": [],
    "svgs": [],
    "splits": [
        {
            "id": "",
            "label": "splits_profile",
            "top": 0.06838342859324767,
            "left": 0,
            "width": 0.9721280679720811,
            "height": 0.8795913787734981,
            "angle": 0,
            "fill": [
                "#E91E6380",
                "#FC520080"
            ],
            "stroke": [
                "#E91E63",
                "#FC5200"
            ],
            "strokeWidth": 0,
            "scaleX": 2.0057902530857175,
            "scaleY": 2.0057902530857175,
            "barHeight": 0.09387142825834441,
            "barGap": 0.004387653270112423,
            "rx": 0,
            "ry": 0,
            "fontFamily": "Termina Test",
            "fontStyle": "normal",
            "fontWeight": 400,
            "textColor": [
                "#E5E7EB",
                "#E5E7EB"
            ]
        }
    ],
    "height_percentage": 0.7559044160038592,
    "devicePixelRatio": 3.5
}