{
    "name": "default",
    "ignore": false,
    "texts": [
        {
            "id": "54daz6g",
            "label": "movingTime",
            "top": 0.18660464492110673,
            "left": 0.3749764376700522,
            "width": 0,
            "height": 0,
            "angle": 0,
            "fill": [
                "#F9FAFB",
                "#F9FAFB"
            ],
            "stroke": [
                "#FFFFFF",
                "#FFFFFF"
            ],
            "strokeWidth": 0,
            "scaleX": 1.1066625881414063,
            "scaleY": 1.1066625881414063,
            "value": "2:04:13",
            "fontSize": 0.04096638655462185,
            "fontFamily": "Termina Test",
            "fontWeight": 600,
            "fontStyle": "normal",
            "charSpacing": 0
        },
        {
            "id": "3ryhywa",
            "label": "pace",
            "top": 0.4091919296301323,
            "left": 0.5643433396032724,
            "width": 0,
            "height": 0,
            "angle": 0,
            "fill": [
                "#F9FAFB",
                "#F9FAFB"
            ],
            "stroke": [
                "#FFFFFF",
                "#FFFFFF"
            ],
            "strokeWidth": 0,
            "scaleX": 0.9043599869396131,
            "scaleY": 1.0106937026510858,
            "value": "05:37/km",
            "fontSize": 0.04096638655462185,
            "fontFamily": "Termina Test",
            "fontWeight": 600,
            "fontStyle": "normal",
            "charSpacing": 0
        },
        {
            "id": "4yzaakf",
            "label": "user",
            "top": 0.36438997426084374,
            "left": 0.5800602912978758,
            "width": 0,
            "height": 0,
            "angle": 0,
            "fill": [
                "#F9FAFB",
                "#F9FAFB"
            ],
            "stroke": [
                "#FFFFFF",
                "#FFFFFF"
            ],
            "strokeWidth": 0,
            "scaleX": 0.805318602174507,
            "scaleY": 0.8599346092089286,
            "value": "avg. pace",
            "fontSize": 0.04096638655462185,
            "fontFamily": "Zen Dots",
            "fontWeight": 300,
            "fontStyle": "normal",
            "charSpacing": 0
        },
        {
            "id": "9zjl97s",
            "label": "distance",
            "top": 0.40650356602848486,
            "left": 0.21212011599073213,
            "width": 0,
            "height": 0,
            "angle": 0,
            "fill": [
                "#F9FAFB",
                "#F9FAFB"
            ],
            "stroke": [
                "#FFFFFF",
                "#FFFFFF"
            ],
            "strokeWidth": 0,
            "scaleX": 0.9043599869396131,
            "scaleY": 1.0106937026510858,
            "value": "22km",
            "fontSize": 0.04096638655462185,
            "fontFamily": "Termina Test",
            "fontWeight": 600,
            "fontStyle": "normal",
            "charSpacing": 0
        },
        {
            "id": "l1svedd",
            "label": "user",
            "top": 0.14343504859080694,
            "left": 0.4305555555555556,
            "width": 0,
            "height": 0,
            "angle": 0,
            "fill": [
                "#F9FAFB",
                "#F9FAFB"
            ],
            "stroke": [
                "#FFFFFF",
                "#FFFFFF"
            ],
            "strokeWidth": 0,
            "scaleX": 0.805318602174507,
            "scaleY": 0.8599346092089286,
            "value": "time",
            "fontSize": 0.04096638655462185,
            "fontFamily": "Zen Dots",
            "fontWeight": 300,
            "fontStyle": "normal",
            "charSpacing": 0
        },
        {
            "id": "o6znlc2",
            "label": "user",
            "top": 0.36285780263676354,
            "left": 0.1909722222222222,
            "width": 0,
            "height": 0,
            "angle": 0,
            "fill": [
                "#F9FAFB",
                "#F9FAFB"
            ],
            "stroke": [
                "#FFFFFF",
                "#FFFFFF"
            ],
            "strokeWidth": 0,
            "scaleX": 0.805318602174507,
            "scaleY": 0.8599346092089286,
            "value": "distance",
            "fontSize": 0.04096638655462185,
            "fontFamily": "Zen Dots",
            "fontWeight": 300,
            "fontStyle": "normal",
            "charSpacing": 0
        }
    ],
    "polys": [
        {
            "id": "",
            "label": "track_profile",
            "top": 0.7076972565790971,
            "left": 0.26302529320062423,
            "width": 0,
            "height": 0,
            "angle": 359.98063470053705,
            "fill": [
                null,
                null
            ],
            "stroke": [
                "#E91E63",
                "#FC5200"
            ],
            "strokeWidth": 2,
            "scaleX": 0.4231896807906448,
            "scaleY": 0.4316534744064577
        }
    ],
    "rects": [
        {
            "id": "",
            "label": "user",
            "top": 0.06042894298395101,
            "left": 0.344169246646027,
            "width": 0.25886429706792297,
            "height": 0.34108022436945257,
            "angle": 0,
            "fill": [
                null,
                null
            ],
            "stroke": [
                "#E91E63",
                "#FC5200"
            ],
            "strokeWidth": 2,
            "scaleX": 1,
            "scaleY": 1,
            "rx": 130,
            "ry": 130
        },
        {
            "id": "",
            "label": "user",
            "top": 0.23955393693124732,
            "left": 0.14405281889197238,
            "width": 0.26633226548451405,
            "height": 0.3432311667902528,
            "angle": 0,
            "fill": [
                null,
                null
            ],
            "stroke": [
                "#E91E63",
                "#FC5200"
            ],
            "strokeWidth": 2,
            "scaleX": 1,
            "scaleY": 1,
            "rx": 140,
            "ry": 140
        },
        {
            "id": "",
            "label": "user",
            "top": 0.23837609547375446,
            "left": 0.5370902445247303,
            "width": 0.2706344393197587,
            "height": 0.3435157116351817,
            "angle": 0,
            "fill": [
                null,
                null
            ],
            "stroke": [
                "#E91E63",
                "#FC5200"
            ],
            "strokeWidth": 2,
            "scaleX": 1,
            "scaleY": 1,
            "rx": 130,
            "ry": 130
        }
    ],
    "svgs": [
        {
            "left": 0.42534722222222243,
            "top": 0.5205242281494161,
            "width": 0.10486476154229095,
            "height": 0.10272702351521903,
            "url": "/svgs/run-sport.svg",
            "angle": 0,
            "stroke": null,
            "strokeWidth": 0,
            "fill": "rgb(0,0,0)",
            "scaleX": 0.1343327472765664,
            "scaleY": 0.1343327472765664
        }
    ],
    "height_percentage": 0.7589542828127303,
    "devicePixelRatio": 1.25
}