{
    "name": "default",
    "ignore": false,
    "texts": [
        {
            "id": "l2iuomt",
            "label": "user",
            "top": 0.07876923359156669,
            "left": 0.42477476268205205,
            "width": 0,
            "height": 0,
            "angle": 0,
            "fill": [
                "#FFFFFF",
                "#FFFFFF"
            ],
            "stroke": [
                "#FFFFFF",
                "#FFFFFF"
            ],
            "strokeWidth": 0,
            "scaleX": 1.3459537422457297,
            "scaleY": 1.3459537422457297,
            "value": "time",
            "fontSize": 0.04096638655462185,
            "fontFamily": "Kanit",
            "fontWeight": 300,
            "fontStyle": "normal",
            "charSpacing": -50
        },
        {
            "id": "54daz6g",
            "label": "time_value",
            "top": 0.13277378858128017,
            "left": 0.3633820981002157,
            "width": 0,
            "height": 0,
            "angle": 0,
            "fill": [
                "#FFFFFF",
                "#FFFFFF"
            ],
            "stroke": [
                "#FFFFFF",
                "#FFFFFF"
            ],
            "strokeWidth": 0,
            "scaleX": 1.2959919740085784,
            "scaleY": 1.2959919740085784,
            "value": "",
            "fontSize": 0.04096638655462185,
            "fontFamily": "Zen Dots",
            "fontWeight": 600,
            "fontStyle": "normal",
            "charSpacing": 0
        },
        {
            "id": "3ryhywa",
            "label": "pace_value",
            "top": 0.2872260571239531,
            "left": 0.572510805117865,
            "width": 0,
            "height": 0,
            "angle": 0,
            "fill": [
                "#FFFFFF",
                "#FFFFFF"
            ],
            "stroke": [
                "#FFFFFF",
                "#FFFFFF"
            ],
            "strokeWidth": 0,
            "scaleX": 1.0590791603939906,
            "scaleY": 1.1836045971488562,
            "value": "",
            "fontSize": 0.04096638655462185,
            "fontFamily": "Zen Dots",
            "fontWeight": 600,
            "fontStyle": "normal",
            "charSpacing": 0
        },
        {
            "id": "4yzaakf",
            "label": "user",
            "top": 0.23149379887851096,
            "left": 0.5887408468534315,
            "width": 0,
            "height": 0,
            "angle": 0,
            "fill": [
                "#FFFFFF",
                "#FFFFFF"
            ],
            "stroke": [
                "#FFFFFF",
                "#FFFFFF"
            ],
            "strokeWidth": 0,
            "scaleX": 1.237000615333671,
            "scaleY": 1.3208929209704998,
            "value": "avg. pace",
            "fontSize": 0.04096638655462185,
            "fontFamily": "Kanit",
            "fontWeight": 300,
            "fontStyle": "normal",
            "charSpacing": -50
        },
        {
            "id": "es6pg72",
            "label": "user",
            "top": 0.23225874703630436,
            "left": 0.18201907693715894,
            "width": 0,
            "height": 0,
            "angle": 0,
            "fill": [
                "#FFFFFF",
                "#FFFFFF"
            ],
            "stroke": [
                "#FFFFFF",
                "#FFFFFF"
            ],
            "strokeWidth": 0,
            "scaleX": 1.2926380730529936,
            "scaleY": 1.2926380730529934,
            "value": "distance",
            "fontSize": 0.04096638655462185,
            "fontFamily": "Kanit",
            "fontWeight": 300,
            "fontStyle": "normal",
            "charSpacing": -50
        },
        {
            "id": "9zjl97s",
            "label": "distance_value",
            "top": 0.2882030772724138,
            "left": 0.1840277777777778,
            "width": 0,
            "height": 0,
            "angle": 0,
            "fill": [
                "#FFFFFF",
                "#FFFFFF"
            ],
            "stroke": [
                "#FFFFFF",
                "#FFFFFF"
            ],
            "strokeWidth": 0,
            "scaleX": 1.0590791603939906,
            "scaleY": 1.1836045971488562,
            "value": "",
            "fontSize": 0.04096638655462185,
            "fontFamily": "Zen Dots",
            "fontWeight": 600,
            "fontStyle": "normal",
            "charSpacing": 0
        }
    ],
    "polys": [
        {
            "id": "",
            "label": "track_profile",
            "top": 0.42319476229071007,
            "left": 0.6379262088522717,
            "width": 0,
            "height": 0,
            "angle": 89.9995637953198,
            "fill": [
                null,
                null
            ],
            "stroke": [
                "#FC5200",
                "#FC5200"
            ],
            "strokeWidth": 4,
            "scaleX": 0.4231896807906448,
            "scaleY": 0.4316534744064577
        }
    ],
    "rects": [
        {
            "id": "",
            "label": "user",
            "top": 0.04159977541740545,
            "left": 0.344169246646027,
            "width": 0.25886429706792297,
            "height": 0.23480239819610663,
            "angle": 0,
            "fill": [
                null,
                null
            ],
            "stroke": [
                "#F5E30A",
                "#0A9DF5"
            ],
            "strokeWidth": 3,
            "scaleX": 1,
            "scaleY": 1,
            "rx": 130,
            "ry": 130
        },
        {
            "id": "",
            "label": "user",
            "top": 0.1649108768846387,
            "left": 0.14405281889197238,
            "width": 0.26633226548451405,
            "height": 0.23628312443791463,
            "angle": 0,
            "fill": [
                null,
                null
            ],
            "stroke": [
                "#3EC3FF",
                "#FF3A75"
            ],
            "strokeWidth": 2,
            "scaleX": 1,
            "scaleY": 1,
            "rx": 140,
            "ry": 140
        },
        {
            "id": "",
            "label": "user",
            "top": 0.16410004125373873,
            "left": 0.5370902445247303,
            "width": 0.2706344393197587,
            "height": 0.23647900742147718,
            "angle": 0,
            "fill": [
                null,
                null
            ],
            "stroke": [
                "#FFCD23",
                "#FF2768"
            ],
            "strokeWidth": 2,
            "scaleX": 1,
            "scaleY": 1,
            "rx": 130,
            "ry": 130
        }
    ],
    "svgs": [],
    "height_percentage": 1.102477227901735,
    "devicePixelRatio": 1
}