{
    "name": "default",
    "ignore": false,
    "texts": [
        {
            "id": "l2iuomt",
            "label": "user",
            "top": 0.08774393459254168,
            "left": 0.4195664293487187,
            "width": 0,
            "height": 0,
            "angle": 0,
            "fill": [
                "#FFFFFF",
                "#FFFFFF"
            ],
            "stroke": [
                "#FFFFFF",
                "#FFFFFF"
            ],
            "strokeWidth": 0,
            "scaleX": 1.3459537422457297,
            "scaleY": 1.3459537422457297,
            "value": "time",
            "fontSize": 0.04096638655462185,
            "fontFamily": "Kanit",
            "fontWeight": 300,
            "fontStyle": "normal",
            "charSpacing": 0
        },
        {
            "id": "54daz6g",
            "label": "time_value",
            "top": 0.15733798125143278,
            "left": 0.3633820981002157,
            "width": 0,
            "height": 0,
            "angle": 0,
            "fill": [
                "#FFFFFF",
                "#FFFFFF"
            ],
            "stroke": [
                "#FFFFFF",
                "#FFFFFF"
            ],
            "strokeWidth": 0,
            "scaleX": 1.2959919740085784,
            "scaleY": 1.2959919740085784,
            "value": "",
            "fontSize": 0.04096638655462185,
            "fontFamily": "Zen Dots",
            "fontWeight": 600,
            "fontStyle": "normal",
            "charSpacing": 0
        },
        {
            "id": "3ryhywa",
            "label": "pace_value",
            "top": 0.34036513135291424,
            "left": 0.5673024717845316,
            "width": 0,
            "height": 0,
            "angle": 0,
            "fill": [
                "#FFFFFF",
                "#FFFFFF"
            ],
            "stroke": [
                "#FFFFFF",
                "#FFFFFF"
            ],
            "strokeWidth": 0,
            "scaleX": 1.0590791603939906,
            "scaleY": 1.1836045971488562,
            "value": "",
            "fontSize": 0.04096638655462185,
            "fontFamily": "Zen Dots",
            "fontWeight": 600,
            "fontStyle": "normal",
            "charSpacing": 0
        },
        {
            "id": "4yzaakf",
            "label": "user",
            "top": 0.27432196804019926,
            "left": 0.580060291297876,
            "width": 0,
            "height": 0,
            "angle": 0,
            "fill": [
                "#FFFFFF",
                "#FFFFFF"
            ],
            "stroke": [
                "#FFFFFF",
                "#FFFFFF"
            ],
            "strokeWidth": 0,
            "scaleX": 1.237000615333671,
            "scaleY": 1.3208929209704998,
            "value": "avg. pace",
            "fontSize": 0.04096638655462185,
            "fontFamily": "Kanit",
            "fontWeight": 300,
            "fontStyle": "normal",
            "charSpacing": 0
        },
        {
            "id": "es6pg72",
            "label": "user",
            "top": 0.2752284376091951,
            "left": 0.18201907693715894,
            "width": 0,
            "height": 0,
            "angle": 0,
            "fill": [
                "#FFFFFF",
                "#FFFFFF"
            ],
            "stroke": [
                "#FFFFFF",
                "#FFFFFF"
            ],
            "strokeWidth": 0,
            "scaleX": 1.2926380730529936,
            "scaleY": 1.2926380730529934,
            "value": "distance",
            "fontSize": 0.04096638655462185,
            "fontFamily": "Kanit",
            "fontWeight": 300,
            "fontStyle": "normal",
            "charSpacing": 0
        },
        {
            "id": "9zjl97s",
            "label": "distance_value",
            "top": 0.3377968517383838,
            "left": 0.19270833333333334,
            "width": 0,
            "height": 0,
            "angle": 0,
            "fill": [
                "#FFFFFF",
                "#FFFFFF"
            ],
            "stroke": [
                "#FFFFFF",
                "#FFFFFF"
            ],
            "strokeWidth": 0,
            "scaleX": 1.0590791603939906,
            "scaleY": 1.1836045971488562,
            "value": "",
            "fontSize": 0.04096638655462185,
            "fontFamily": "Zen Dots",
            "fontWeight": 600,
            "fontStyle": "normal",
            "charSpacing": 0
        }
    ],
    "polys": [
        {
            "id": "",
            "label": "track_profile",
            "top": 0.523845450765084,
            "left": 0.6205650977411605,
            "width": 0,
            "height": 0,
            "angle": 89.9995637953198,
            "fill": [
                null,
                null
            ],
            "stroke": [
                "#3EC3FF",
                "#FF3A75"
            ],
            "strokeWidth": 3,
            "scaleX": 0.4231896807906448,
            "scaleY": 0.4316534744064577
        }
    ],
    "rects": [
        {
            "id": "",
            "label": "user",
            "top": 0.04929606027383003,
            "left": 0.344169246646027,
            "width": 0.25886429706792297,
            "height": 0.2782426841918039,
            "angle": 0,
            "fill": [
                null,
                null
            ],
            "stroke": [
                "#F5E30A",
                "#0A9DF5"
            ],
            "strokeWidth": 2,
            "scaleX": 1,
            "scaleY": 1,
            "rx": 130,
            "ry": 130
        },
        {
            "id": "",
            "label": "user",
            "top": 0.1954206830480611,
            "left": 0.14405281889197238,
            "width": 0.26633226548451405,
            "height": 0.2799973564065647,
            "angle": 0,
            "fill": [
                null,
                null
            ],
            "stroke": [
                "#3EC3FF",
                "#FF3A75"
            ],
            "strokeWidth": 2,
            "scaleX": 1,
            "scaleY": 1,
            "rx": 140,
            "ry": 140
        },
        {
            "id": "",
            "label": "user",
            "top": 0.19445983646338721,
            "left": 0.5370902445247303,
            "width": 0.2706344393197587,
            "height": 0.2802294792790424,
            "angle": 0,
            "fill": [
                null,
                null
            ],
            "stroke": [
                "#FFCD23",
                "#FF2768"
            ],
            "strokeWidth": 2,
            "scaleX": 1,
            "scaleY": 1,
            "rx": 130,
            "ry": 130
        }
    ],
    "svgs": [
        {
            "left": 0.42534722222222227,
            "top": 0.424563314287766,
            "width": 0.10439884705978457,
            "height": 0.08342919399959098,
            "url": "/svgs/run-sport.svg",
            "angle": 0,
            "stroke": null,
            "strokeWidth": 0,
            "fill": "rgb(0,0,0)",
            "scaleX": 0.13373590643593974,
            "scaleY": 0.13373590643593974
        }
    ],
    "height_percentage": 0.9303543696749179,
    "devicePixelRatio": 1
}