{
    "name": "default",
    "ignore": false,
    "texts": [
        {
            "id": "k9nz39u",
            "label": "distance_value",
            "top": 0.41898799185413726,
            "left": 0.08246649254205457,
            "width": 0,
            "height": 0,
            "angle": 0,
            "fill": [
                "#FF0606",
                "#ED1919"
            ],
            "stroke": [
                "#FFFFFF",
                "#FFFFFF"
            ],
            "strokeWidth": 0,
            "scaleX": 1.071286293723196,
            "scaleY": 1.1972470326407239,
            "value": "",
            "fontSize": 0.04096638655462185,
            "fontFamily": "Termina Test",
            "fontWeight": 600,
            "fontStyle": "normal",
            "charSpacing": 0
        },
        {
            "id": "ucncncp",
            "label": "pace_value",
            "top": 0.43212633575573745,
            "left": 0.28714298739310173,
            "width": 0,
            "height": 0,
            "angle": 0,
            "fill": [
                "#FF0606",
                "#ED1919"
            ],
            "stroke": [
                "#FFFFFF",
                "#FFFFFF"
            ],
            "strokeWidth": 0,
            "scaleX": 1.071286293723196,
            "scaleY": 1.1972470326407239,
            "value": "",
            "fontSize": 0.04096638655462185,
            "fontFamily": "Termina Test",
            "fontWeight": 600,
            "fontStyle": "normal",
            "charSpacing": 0
        },
        {
            "id": "tymvast",
            "label": "pace_value_unit",
            "top": 0.47613026016859894,
            "left": 0.4322916666666669,
            "width": 0,
            "height": 0,
            "angle": 0,
            "fill": [
                "#A71A1A",
                "#F83030"
            ],
            "stroke": [
                "#FFFFFF",
                "#FFFFFF"
            ],
            "strokeWidth": 0,
            "scaleX": 0.8536286463197584,
            "scaleY": 0.953997423257913,
            "value": "",
            "fontSize": 0.04096638655462185,
            "fontFamily": "Termina Test",
            "fontWeight": 400,
            "fontStyle": "normal",
            "charSpacing": 0
        },
        {
            "id": "u5xj14e",
            "label": "time_value",
            "top": 0.4324652010922243,
            "left": 0.5468749999999999,
            "width": 0,
            "height": 0,
            "angle": 0,
            "fill": [
                "#FF0606",
                "#ED1919"
            ],
            "stroke": [
                "#FFFFFF",
                "#FFFFFF"
            ],
            "strokeWidth": 0,
            "scaleX": 1.071286293723196,
            "scaleY": 1.1972470326407239,
            "value": "",
            "fontSize": 0.04096638655462185,
            "fontFamily": "Termina Test",
            "fontWeight": 600,
            "fontStyle": "normal",
            "charSpacing": 0
        },
        {
            "id": "78azuks",
            "label": "distance_value_unit",
            "top": 0.45158238801606326,
            "left": 0.15869003985508137,
            "width": 0,
            "height": 0,
            "angle": 0,
            "fill": [
                "#A71A1A",
                "#F83030"
            ],
            "stroke": [
                "#FFFFFF",
                "#FFFFFF"
            ],
            "strokeWidth": 0,
            "scaleX": 0.8536286463197584,
            "scaleY": 0.953997423257913,
            "value": "",
            "fontSize": 0.04096638655462185,
            "fontFamily": "Termina Test",
            "fontWeight": 400,
            "fontStyle": "normal",
            "charSpacing": 0
        },
        {
            "id": "6w0g2pi",
            "label": "elevation_value",
            "top": 0.4369603640085278,
            "left": 0.7753721808467271,
            "width": 0,
            "height": 0,
            "angle": 0,
            "fill": [
                "#FF0606",
                "#ED1919"
            ],
            "stroke": [
                "#FFFFFF",
                "#FFFFFF"
            ],
            "strokeWidth": 0,
            "scaleX": 1.071286293723196,
            "scaleY": 1.1972470326407239,
            "value": "",
            "fontSize": 0.04096638655462185,
            "fontFamily": "Termina Test",
            "fontWeight": 600,
            "fontStyle": "normal",
            "charSpacing": 0
        },
        {
            "id": "hfe9jyb",
            "label": "elevation_value_unit",
            "top": 0.47207088462109437,
            "left": 0.8854166666666667,
            "width": 0,
            "height": 0,
            "angle": 0,
            "fill": [
                "#A71A1A",
                "#F83030"
            ],
            "stroke": [
                "#FFFFFF",
                "#FFFFFF"
            ],
            "strokeWidth": 0,
            "scaleX": 0.8536286463197584,
            "scaleY": 0.953997423257913,
            "value": "",
            "fontSize": 0.04096638655462185,
            "fontFamily": "Termina Test",
            "fontWeight": 400,
            "fontStyle": "normal",
            "charSpacing": 0
        },
        {
            "id": "0bviska",
            "label": "user",
            "top": 0.6112635933474068,
            "left": 0.10069444444444484,
            "width": 0,
            "height": 0,
            "angle": 0,
            "fill": [
                "#AB1414",
                "#F83030"
            ],
            "stroke": [
                "#FFFFFF",
                "#FFFFFF"
            ],
            "strokeWidth": 0,
            "scaleX": 0.6192936805904314,
            "scaleY": 0.6921095936392377,
            "value": "distance",
            "fontSize": 0.04096638655462185,
            "fontFamily": "Termina Test",
            "fontWeight": 400,
            "fontStyle": "normal",
            "charSpacing": 0
        },
        {
            "id": "1y9p5yr",
            "label": "user",
            "top": 0.6253746038691695,
            "left": 0.3566839855008645,
            "width": 0,
            "height": 0,
            "angle": 0,
            "fill": [
                "#AB1414",
                "#F83030"
            ],
            "stroke": [
                "#FFFFFF",
                "#FFFFFF"
            ],
            "strokeWidth": 0,
            "scaleX": 0.6192936805904314,
            "scaleY": 0.6921095936392377,
            "value": "pace",
            "fontSize": 0.04096638655462185,
            "fontFamily": "Termina Test",
            "fontWeight": 400,
            "fontStyle": "normal",
            "charSpacing": 0
        },
        {
            "id": "kzbk70u",
            "label": "user",
            "top": 0.6254256008951491,
            "left": 0.6025973638647663,
            "width": 0,
            "height": 0,
            "angle": 0,
            "fill": [
                "#AB1414",
                "#F83030"
            ],
            "stroke": [
                "#FFFFFF",
                "#FFFFFF"
            ],
            "strokeWidth": 0,
            "scaleX": 0.6192936805904314,
            "scaleY": 0.6921095936392377,
            "value": "time",
            "fontSize": 0.04096638655462185,
            "fontFamily": "Termina Test",
            "fontWeight": 400,
            "fontStyle": "normal",
            "charSpacing": 0
        },
        {
            "id": "xrj4npi",
            "label": "user",
            "top": 0.6172082042995173,
            "left": 0.7856198513939696,
            "width": 0,
            "height": 0,
            "angle": 0,
            "fill": [
                "#AB1414",
                "#F83030"
            ],
            "stroke": [
                "#FFFFFF",
                "#FFFFFF"
            ],
            "strokeWidth": 0,
            "scaleX": 0.6192936805904314,