{
    "name": "default",
    "ignore": false,
    "texts": [
        {
            "id": "es6pg72",
            "label": "user",
            "top": 0.850126945269724,
            "left": 0.41406149563809,
            "width": 0,
            "height": 0,
            "angle": 0,
            "fill": [
                "#FFFFFF",
                "#FFFFFF"
            ],
            "stroke": [
                "#FFFFFF",
                "#FFFFFF"
            ],
            "strokeWidth": 0,
            "scaleX": 0.9470724363438824,
            "scaleY": 0.9197217270235377,
            "value": "Distance",
            "fontSize": 0.04096638655462185,
            "fontFamily": "Kanit",
            "fontWeight": 300,
            "fontStyle": "normal",
            "charSpacing": 0
        },
        {
            "id": "k9nz39u",
            "label": "distance",
            "top": 0.766170871576502,
            "left": 0.41520822917698186,
            "width": 0,
            "height": 0,
            "angle": 0,
            "fill": [
                "#FFFFFF",
                "#FFFFFF"
            ],
            "stroke": [
                "#FFFFFF",
                "#FFFFFF"
            ],
            "strokeWidth": 0,
            "scaleX": 1.1688948116549986,
            "scaleY": 1.3063322595674718,
            "value": "22km",
            "fontSize": 0.04096638655462185,
            "fontFamily": "Kanit",
            "fontWeight": 600,
            "fontStyle": "normal",
            "charSpacing": 0
        },
        {
            "id": "ucncncp",
            "label": "pace",
            "top": 0.7693190789723314,
            "left": 0.7777857389544415,
            "width": 0,
            "height": 0,
            "angle": 0,
            "fill": [
                "#FFFFFF",
                "#FFFFFF"
            ],
            "stroke": [
                "#FFFFFF",
                "#FFFFFF"
            ],
            "strokeWidth": 0,
            "scaleX": 1.1067188387090068,
            "scaleY": 1.2368456997680115,
            "value": "05:37/km",
            "fontSize": 0.04096638655462185,
            "fontFamily": "Kanit",
            "fontWeight": 600,
            "fontStyle": "normal",
            "charSpacing": 0
        },
        {
            "id": "tymvast",
            "label": "user",
            "top": 0.8513170452180745,
            "left": 0.7789631337902712,
            "width": 0,
            "height": 0,
            "angle": 0,
            "fill": [
                "#FFFFFF",
                "#FFFFFF"
            ],
            "stroke": [
                "#FFFFFF",
                "#FFFFFF"
            ],
            "strokeWidth": 0,
            "scaleX": 0.9470724363438824,
            "scaleY": 0.9197217270235377,
            "value": "Pace",
            "fontSize": 0.04096638655462185,
            "fontFamily": "Kanit",
            "fontWeight": 300,
            "fontStyle": "normal",
            "charSpacing": 0
        },
        {
            "id": "t925y03",
            "label": "user",
            "top": 0.850695305785586,
            "left": 0.041666666666666546,
            "width": 0,
            "height": 0,
            "angle": 0,
            "fill": [
                "#FFFFFF",
                "#FFFFFF"
            ],
            "stroke": [
                "#FFFFFF",
                "#FFFFFF"
            ],
            "strokeWidth": 0,
            "scaleX": 0.9470724363438824,
            "scaleY": 0.9197217270235377,
            "value": "Duration",
            "fontSize": 0.04096638655462185,
            "fontFamily": "Kanit",
            "fontWeight": 300,
            "fontStyle": "normal",
            "charSpacing": 0
        },
        {
            "id": "u5xj14e",
            "label": "time",
            "top": 0.7669986724622072,
            "left": 0.04166666666666625,
            "width": 0,
            "height": 0,
            "angle": 0,
            "fill": [
                "#FFFFFF",
                "#FFFFFF"
            ],
            "stroke": [
                "#FFFFFF",
                "#FFFFFF"
            ],
            "strokeWidth": 0,
            "scaleX": 1.1431645134607515,
            "scaleY": 1.2775766194155194,
            "value": "2h04m",
            "fontSize": 0.04096638655462185,
            "fontFamily": "Kanit",
            "fontWeight": 600,
            "fontStyle": "normal",
            "charSpacing": 0
        }
    ],
    "polys": [
        {
            "id": "",
            "label": "track_profile",
            "top": 0.16619287943865418,
            "left": 0.2708423959664353,
            "width": 0,
            "height": 0,
            "angle": 0,
            "fill": [
                null,
                null
            ],
            "stroke": [
                "#FFFFFF",
                "#FFFFFF"
            ],
            "strokeWidth": 1,
            "scaleX": 0.43010093498947616,
            "scaleY": 0.43010093498947605
        },
        {
            "id": "",
            "label": "elevation_profile",
            "top": 0.5963478942587834,
            "left": 0.04575577280879787,
            "width": 0,
            "height": 0,
            "angle": 0,
            "fill": [
                "#FFFFFF00",
                "#FFF3F742"
            ],
            "stroke": [
                "#FFFFFF00",
                "#FFFFFF7D"
            ],
            "strokeWidth": 1,
            "scaleX": 0.8907960435994312,
            "scaleY": 0.8907960435994312
        }
    ],
    "rects": [],
    "svgs": [],
    "height_percentage": 0.6819833733151824,
    "devicePixelRatio": 1.100000023841858
}