{
    "name": "default",
    "ignore": false,
    "texts": [
        {
            "id": "l2iuomt",
            "label": "user",
            "top": 0.08346165617951722,
            "left": 0.4195664293487187,
            "width": 0,
            "height": 0,
            "angle": 0,
            "fill": [
                "#FFFFFF",
                "#FFFFFF"
            ],
            "stroke": [
                "#FFFFFF",
                "#FFFFFF"
            ],
            "strokeWidth": 0,
            "scaleX": 1.3459537422457297,
            "scaleY": 1.3459537422457297,
            "value": "time",
            "fontSize": 0.04096638655462185,
            "fontFamily": "Kanit",
            "fontWeight": 300,
            "fontStyle": "normal",
            "charSpacing": 0
        },
        {
            "id": "54daz6g",
            "label": "movingTime",
            "top": 0.1447969978788655,
            "left": 0.37844865989227444,
            "width": 0,
            "height": 0,
            "angle": 0,
            "fill": [
                "#FFFFFF",
                "#FFFFFF"
            ],
            "stroke": [
                "#FFFFFF",
                "#FFFFFF"
            ],
            "strokeWidth": 0,
            "scaleX": 1.1066625881414063,
            "scaleY": 1.1066625881414063,
            "value": "2h04m",
            "fontSize": 0.04096638655462185,
            "fontFamily": "Zen Dots",
            "fontWeight": 600,
            "fontStyle": "normal",
            "charSpacing": 0
        },
        {
            "id": "3ryhywa",
            "label": "pace",
            "top": 0.31751494177303535,
            "left": 0.5643433396032724,
            "width": 0,
            "height": 0,
            "angle": 0,
            "fill": [
                "#FFFFFF",
                "#FFFFFF"
            ],
            "stroke": [
                "#FFFFFF",
                "#FFFFFF"
            ],
            "strokeWidth": 0,
            "scaleX": 0.9043599869396131,
            "scaleY": 1.0106937026510858,
            "value": "05:37/km",
            "fontSize": 0.04096638655462185,
            "fontFamily": "Zen Dots",
            "fontWeight": 600,
            "fontStyle": "normal",
            "charSpacing": 0
        },
        {
            "id": "4yzaakf",
            "label": "user",
            "top": 0.2609338854631868,
            "left": 0.580060291297876,
            "width": 0,
            "height": 0,
            "angle": 0,
            "fill": [
                "#FFFFFF",
                "#FFFFFF"
            ],
            "stroke": [
                "#FFFFFF",
                "#FFFFFF"
            ],
            "strokeWidth": 0,
            "scaleX": 1.237000615333671,
            "scaleY": 1.3208929209704998,
            "value": "avg. pace",
            "fontSize": 0.04096638655462185,
            "fontFamily": "Kanit",
            "fontWeight": 300,
            "fontStyle": "normal",
            "charSpacing": 0
        },
        {
            "id": "es6pg72",
            "label": "user",
            "top": 0.26179611544929404,
            "left": 0.18201907693715894,
            "width": 0,
            "height": 0,
            "angle": 0,
            "fill": [
                "#FFFFFF",
                "#FFFFFF"
            ],
            "stroke": [
                "#FFFFFF",
                "#FFFFFF"
            ],
            "strokeWidth": 0,
            "scaleX": 1.2926380730529936,
            "scaleY": 1.2926380730529934,
            "value": "distance",
            "fontSize": 0.04096638655462185,
            "fontFamily": "Kanit",
            "fontWeight": 300,
            "fontStyle": "normal",
            "charSpacing": 0
        },
        {
            "id": "9zjl97s",
            "label": "distance",
            "top": 0.315428889848176,
            "left": 0.21212011599073213,
            "width": 0,
            "height": 0,
            "angle": 0,
            "fill": [
                "#FFFFFF",
                "#FFFFFF"
            ],
            "stroke": [
                "#FFFFFF",
                "#FFFFFF"
            ],
            "strokeWidth": 0,
            "scaleX": 0.9043599869396131,
            "scaleY": 1.0106937026510858,
            "value": "22km",
            "fontSize": 0.04096638655462185,
            "fontFamily": "Zen Dots",
            "fontWeight": 600,
            "fontStyle": "normal",
            "charSpacing": 0
        }
    ],
    "polys": [
        {
            "id": "",
            "label": "track_profile",
            "top": 0.5491419476888479,
            "left": 0.26302529320062423,
            "width": 0,
            "height": 0,
            "angle": 359.98063470053705,
            "fill": [
                null,
                null
            ],
            "stroke": [
                "#3EC3FF",
                "#FF3A75"
            ],
            "strokeWidth": 2,
            "scaleX": 0.4231896807906448,
            "scaleY": 0.4316534744064577
        }
    ],
    "rects": [
        {
            "id": "",
            "label": "user",
            "top": 0.046890202185313014,
            "left": 0.344169246646027,
            "width": 0.25886429706792297,
            "height": 0.26466325393682855,
            "angle": 0,
            "fill": [
                null,
                null
            ],
            "stroke": [
                "#F5E30A",
                "#0A9DF5"
            ],
            "strokeWidth": 2,
            "scaleX": 1,
            "scaleY": 1,
            "rx": 130,
            "ry": 130
        },
        {
            "id": "",
            "label": "user",
            "top": 0.1858833198518324,
            "left": 0.14405281889197238,
            "width": 0.26633226548451405,
            "height": 0.26633229066029185,
            "angle": 0,
            "fill": [
                null,
                null
            ],
            "stroke": [
                "#3EC3FF",
                "#FF3A75"
            ],
            "strokeWidth": 2,
            "scaleX": 1,
            "scaleY": 1,
            "rx": 140,
            "ry": 140
        },
        {
            "id": "",
            "label": "user",
            "top": 0.1849693666804398,
            "left": 0.5370902445247303,
            "width": 0.2706344393197587,
            "height": 0.2665530849461203,
            "angle": 0,
            "fill": [
                null,
                null
            ],
            "stroke": [
                "#FFCD23",
                "#FF2768"
            ],
            "strokeWidth": 2,
            "scaleX": 1,
            "scaleY": 1,
            "rx": 130,
            "ry": 130
        }
    ],
    "svgs": [
        {
            "left": 0.42534722222222227,
            "top": 0.4038733270607222,
            "width": 0.10463154496715804,
            "height": 0.07953437577697828,
            "url": "/svgs/run-sport.svg",
            "angle": 0,
            "stroke": null,
            "strokeWidth": 0,
            "fill": "rgb(0,0,0)",
            "scaleX": 0.07911728850697489,
            "scaleY": 0.07911728850697489
        }
    ],
    "height_percentage": 0.9780893010924377,
    "devicePixelRatio": 1.100000023841858
}