{
    "name": "default",
    "ignore": false,
    "texts": [
        {
            "id": "es6pg72",
            "label": "user",
            "top": 0.6161419308552739,
            "left": 0.41406149563808997,
            "width": 0,
            "height": 0,
            "angle": 0,
            "fill": [
                "#FFFFFF",
                "#FFFFFF"
            ],
            "stroke": [
                "#FFFFFF",
                "#FFFFFF"
            ],
            "strokeWidth": 0,
            "scaleX": 0.9470724363438824,
            "scaleY": 0.9197217270235377,
            "value": "Distance",
            "fontSize": 0.04096638655462185,
            "fontFamily": "Kanit",
            "fontWeight": 300,
            "fontStyle": "normal",
            "charSpacing": 0
        },
        {
            "id": "k9nz39u",
            "label": "distance_value",
            "top": 0.5552935391648338,
            "left": 0.4152082291769819,
            "width": 0,
            "height": 0,
            "angle": 0,
            "fill": [
                "#FFFFFF",
                "#FFFFFF"
            ],
            "stroke": [
                "#FFFFFF",
                "#FFFFFF"
            ],
            "strokeWidth": 0,
            "scaleX": 1.1688948116549986,
            "scaleY": 1.3063322595674718,
            "value": "",
            "fontSize": 0.04096638655462185,
            "fontFamily": "Kanit",
            "fontWeight": 600,
            "fontStyle": "normal",
            "charSpacing": 0
        },
        {
            "id": "ucncncp",
            "label": "pace_value",
            "top": 0.5575752484958841,
            "left": 0.7777857389544415,
            "width": 0,
            "height": 0,
            "angle": 0,
            "fill": [
                "#FFFFFF",
                "#FFFFFF"
            ],
            "stroke": [
                "#FFFFFF",
                "#FFFFFF"
            ],
            "strokeWidth": 0,
            "scaleX": 1.1067188387090068,
            "scaleY": 1.2368456997680115,
            "value": "",
            "fontSize": 0.04096638655462185,
            "fontFamily": "Kanit",
            "fontWeight": 600,
            "fontStyle": "normal",
            "charSpacing": 0
        },
        {
            "id": "tymvast",
            "label": "user",
            "top": 0.6170044731898835,
            "left": 0.7789631337902712,
            "width": 0,
            "height": 0,
            "angle": 0,
            "fill": [
                "#FFFFFF",
                "#FFFFFF"
            ],
            "stroke": [
                "#FFFFFF",
                "#FFFFFF"
            ],
            "strokeWidth": 0,
            "scaleX": 0.9470724363438824,
            "scaleY": 0.9197217270235377,
            "value": "Pace",
            "fontSize": 0.04096638655462185,
            "fontFamily": "Kanit",
            "fontWeight": 300,
            "fontStyle": "normal",
            "charSpacing": 0
        },
        {
            "id": "t925y03",
            "label": "user",
            "top": 0.6165538584475161,
            "left": 0.041666666666666546,
            "width": 0,
            "height": 0,
            "angle": 0,
            "fill": [
                "#FFFFFF",
                "#FFFFFF"
            ],
            "stroke": [
                "#FFFFFF",
                "#FFFFFF"
            ],
            "strokeWidth": 0,
            "scaleX": 0.9470724363438824,
            "scaleY": 0.9197217270235377,
            "value": "Duration",
            "fontSize": 0.04096638655462185,
            "fontFamily": "Kanit",
            "fontWeight": 300,
            "fontStyle": "normal",
            "charSpacing": 0
        },
        {
            "id": "u5xj14e",
            "label": "time_value",
            "top": 0.5558934999576544,
            "left": 0.04166666666666625,
            "width": 0,
            "height": 0,
            "angle": 0,
            "fill": [
                "#FFFFFF",
                "#FFFFFF"
            ],
            "stroke": [
                "#FFFFFF",
                "#FFFFFF"
            ],
            "strokeWidth": 0,
            "scaleX": 1.1431645134607515,
            "scaleY": 1.2775766194155194,
            "value": "",
            "fontSize": 0.04096638655462185,
            "fontFamily": "Kanit",
            "fontWeight": 600,
            "fontStyle": "normal",
            "charSpacing": 0
        }
    ],
    "polys": [
        {
            "id": "",
            "label": "track_profile",
            "top": 0.06047521101119987,
            "left": 0.31790121949584704,
            "width": 0,
            "height": 0,
            "angle": 0,
            "fill": [
                null,
                null
            ],
            "stroke": [
                "#FFFFFF",
                "#FFFFFF"
            ],
            "strokeWidth": 2,
            "scaleX": 0.43010093498947616,
            "scaleY": 0.43010093498947605
        },
        {
            "id": "",
            "label": "elevation_profile",
            "top": 0.4572016328837625,
            "left": 0.04340277777777768,
            "width": 0,
            "height": 0,
            "angle": 0,
            "fill": [
                "#FFFFFF00",
                "#FFF3F742"
            ],
            "stroke": [
                "#FFFFFF00",
                "#FFFFFF7D"
            ],
            "strokeWidth": 2,
            "scaleX": 0.8907960435994312,
            "scaleY": 0.8907960435994312
        }
    ],
    "rects": [],
    "svgs": [],
    "height_percentage": 0.9409722222222222,
    "devicePixelRatio": 1
}