{
    "name": "default",
    "ignore": false,
    "texts": [
        {
            "id": "k9nz39u",
            "label": "distance_value",
            "top": 0.43677232023911366,
            "left": 0.08073202551314979,
            "width": 0,
            "height": 0,
            "angle": 0,
            "fill": [
                "#F8F8F8",
                "#F8F8F8"
            ],
            "stroke": [
                "#FFFFFF",
                "#FFFFFF"
            ],
            "strokeWidth": 0,
            "scaleX": 1.071286293723196,
            "scaleY": 1.1972470326407239,
            "value": "",
            "fontSize": 0.04096638655462185,
            "fontFamily": "Termina Test",
            "fontWeight": 600,
            "fontStyle": "normal",
            "charSpacing": 0
        },
        {
            "id": "ucncncp",
            "label": "pace_value",
            "top": 0.4333171657818904,
            "left": 0.2680457651708795,
            "width": 0,
            "height": 0,
            "angle": 0,
            "fill": [
                "#F8F8F8",
                "#F8F8F8"
            ],
            "stroke": [
                "#FFFFFF",
                "#FFFFFF"
            ],
            "strokeWidth": 0,
            "scaleX": 1.071286293723196,
            "scaleY": 1.1972470326407239,
            "value": "",
            "fontSize": 0.04096638655462185,
            "fontFamily": "Termina Test",
            "fontWeight": 600,
            "fontStyle": "normal",
            "charSpacing": 0
        },
        {
            "id": "tymvast",
            "label": "pace_value_unit",
            "top": 0.480085969938096,
            "left": 0.43099728288334466,
            "width": 0,
            "height": 0,
            "angle": 0,
            "fill": [
                "#F8F8F8cc",
                "#F8F8F8cc"
            ],
            "stroke": [
                "#FFFFFF",
                "#FFFFFF"
            ],
            "strokeWidth": 0,
            "scaleX": 0.8536286463197584,
            "scaleY": 0.953997423257913,
            "value": "",
            "fontSize": 0.04096638655462185,
            "fontFamily": "Termina Test",
            "fontWeight": 400,
            "fontStyle": "normal",
            "charSpacing": 0
        },
        {
            "id": "u5xj14e",
            "label": "movingTime_value",
            "top": 0.4336774607251223,
            "left": 0.5451421770533015,
            "width": 0,
            "height": 0,
            "angle": 0,
            "fill": [
                "#F8F8F8",
                "#F8F8F8"
            ],
            "stroke": [
                "#FFFFFF",
                "#FFFFFF"
            ],
            "strokeWidth": 0,
            "scaleX": 1.071286293723196,
            "scaleY": 1.1972470326407239,
            "value": "",
            "fontSize": 0.04096638655462185,
            "fontFamily": "Termina Test",
            "fontWeight": 600,
            "fontStyle": "normal",
            "charSpacing": 0
        },
        {
            "id": "78azuks",
            "label": "distance_value_unit",
            "top": 0.4801401422216522,
            "left": 0.1529694492383383,
            "width": 0,
            "height": 0,
            "angle": 0,
            "fill": [
                "#F8F8F8cc",
                "#F8F8F8cc"
            ],
            "stroke": [
                "#FFFFFF",
                "#FFFFFF"
            ],
            "strokeWidth": 0,
            "scaleX": 0.8536286463197584,
            "scaleY": 0.953997423257913,
            "value": "",
            "fontSize": 0.04096638655462185,
            "fontFamily": "Termina Test",
            "fontWeight": 400,
            "fontStyle": "normal",
            "charSpacing": 0
        },
        {
            "id": "6w0g2pi",
            "label": "elevationGain_value",
            "top": 0.4384568945985857,
            "left": 0.7942259491119401,
            "width": 0,
            "height": 0,
            "angle": 0,
            "fill": [
                "#F8F8F8",
                "#F8F8F8"
            ],
            "stroke": [
                "#FFFFFF",
                "#FFFFFF"
            ],
            "strokeWidth": 0,
            "scaleX": 1.071286293723196,
            "scaleY": 1.1972470326407239,
            "value": "",
            "fontSize": 0.04096638655462185,
            "fontFamily": "Termina Test",
            "fontWeight": 600,
            "fontStyle": "normal",
            "charSpacing": 0
        },
        {
            "id": "hfe9jyb",
            "label": "elevationGain_value_unit",
            "top": 0.48449995898126624,
            "left": 0.8790588558575771,
            "width": 0,
            "height": 0,
            "angle": 0,
            "fill": [
                "#F8F8F8cc",
                "#F8F8F8cc"
            ],
            "stroke": [
                "#FFFFFF",
                "#FFFFFF"
            ],
            "strokeWidth": 0,
            "scaleX": 0.8536286463197584,
            "scaleY": 0.953997423257913,
            "value": "",
            "fontSize": 0.04096638655462185,
            "fontFamily": "Termina Test",
            "fontWeight": 400,
            "fontStyle": "normal",
            "charSpacing": 0
        },
        {
            "id": "0bviska",
            "label": "user",
            "top": 0.6499194752349425,
            "left": 0.08333333333333373,
            "width": 0,
            "height": 0,
            "angle": 0,
            "fill": [
                "#F8F8F8",
                "#F8F8F8"
            ],
            "stroke": [
                "#FFFFFF",
                "#FFFFFF"
            ],
            "strokeWidth": 0,
            "scaleX": 0.6192936805904314,
            "scaleY": 0.6921095936392377,
            "value": "distance",
            "fontSize": 0.04096638655462185,
            "fontFamily": "Termina Test",
            "fontWeight": 400,
            "fontStyle": "normal",
            "charSpacing": 0
        },
        {
            "id": "1y9p5yr",
            "label": "user",
            "top": 0.6649228561873666,
            "left": 0.33758676327864223,
            "width": 0,
            "height": 0,
            "angle": 0,
            "fill": [
                "#F8F8F8",
                "#F8F8F8"
            ],
            "stroke": [
                "#FFFFFF",
                "#FFFFFF"
            ],
            "strokeWidth": 0,
            "scaleX": 0.6192936805904314,
            "scaleY": 0.6921095936392377,
            "value": "pace",
            "fontSize": 0.04096638655462185,
            "fontFamily": "Termina Test",
            "fontWeight": 400,
            "fontStyle": "normal",
            "charSpacing": 0
        },
        {
            "id": "kzbk70u",
            "label": "user",
            "top": 0.664977078229582,
            "left": 0.6025973638647663,
            "width": 0,
            "height": 0,
            "angle": 0,
            "fill": [
                "#F8F8F8",
                "#F8F8F8"
            ],
            "stroke": [
                "#FFFFFF",
                "#FFFFFF"
            ],
            "strokeWidth": 0,
            "scaleX": 0.6192936805904314,
            "scaleY": 0.6921095936392377,
            "value": "time",
            "fontSize": 0.04096638655462185,
            "fontFamily": "Termina Test",
            "fontWeight": 400,
            "fontStyle": "normal",
            "charSpacing": 0
        },
        {
            "id": "xrj4npi",
            "label": "user",
            "top": 0.6562400192236891,
            "left": 0.7856198513939696,
            "width": 0,
            "height": 0,
            "angle": 0,
            "fill": [
                "#F8F8F8",
                "#F8F8F8"
            ],
            "stroke": [
                "#FFFFFF",
                "#FFFFFF"
            ],
            "strokeWidth": 0,
            "scaleX": 0.6192936805904314,