{
    "name": "default",
    "ignore": false,
    "texts": [
        {
            "id": "es6pg72",
            "label": "user",
            "top": 0.3043626565576706,
            "left": 0.08754693544653619,
            "width": 0,
            "height": 0,
            "angle": 0,
            "fill": [
                "#FFFFFF",
                "#FFFFFF"
            ],
            "stroke": [
                "#3D97F100",
                "#03A9F4D9"
            ],
            "strokeWidth": 1,
            "scaleX": 1.1030945004771593,
            "scaleY": 1.071237996288427,
            "value": "Distance",
            "fontSize": 0.04096638655462185,
            "fontFamily": "Lato",
            "fontWeight": 900,
            "fontStyle": "normal",
            "charSpacing": 0
        },
        {
            "id": "k9nz39u",
            "label": "distance",
            "top": 0.4021079958988001,
            "left": 0.11371649254205456,
            "width": 0,
            "height": 0,
            "angle": 0,
            "fill": [
                "#FFFFFF",
                "#FFFFFF"
            ],
            "stroke": [
                "#FFFFFF",
                "#FFFFFF"
            ],
            "strokeWidth": 0,
            "scaleX": 1.3541956570047957,
            "scaleY": 1.513420587440903,
            "value": "22km",
            "fontSize": 0.04096638655462185,
            "fontFamily": "Kanit",
            "fontWeight": 400,
            "fontStyle": "normal",
            "charSpacing": 0
        },
        {
            "id": "ucncncp",
            "label": "pace",
            "top": 0.4073525896664801,
            "left": 0.389756944444444,
            "width": 0,
            "height": 0,
            "angle": 0,
            "fill": [
                "#FFFFFF",
                "#FFFFFF"
            ],
            "stroke": [
                "#FFFFFF",
                "#FFFFFF"
            ],
            "strokeWidth": 0,
            "scaleX": 1.2883507821141547,
            "scaleY": 1.4398337399853627,
            "value": "05:37/km",
            "fontSize": 0.04096638655462185,
            "fontFamily": "Kanit",
            "fontWeight": 400,
            "fontStyle": "normal",
            "charSpacing": 0
        },
        {
            "id": "tymvast",
            "label": "user",
            "top": 0.30119982488204255,
            "left": 0.45215192480256156,
            "width": 0,
            "height": 0,
            "angle": 0,
            "fill": [
                "#FFFFFF",
                "#FFFFFF"
            ],
            "stroke": [
                "#3D97F100",
                "#03A9F4D9"
            ],
            "strokeWidth": 1,
            "scaleX": 1.1030945004771593,
            "scaleY": 1.071237996288427,
            "value": "Pace",
            "fontSize": 0.04096638655462185,
            "fontFamily": "Lato",
            "fontWeight": 900,
            "fontStyle": "normal",
            "charSpacing": 0
        },
        {
            "id": "t925y03",
            "label": "user",
            "top": 0.30133335272064504,
            "left": 0.7768047025803392,
            "width": 0,
            "height": 0,
            "angle": 0,
            "fill": [
                "#FFFFFF",
                "#FFFFFF"
            ],
            "stroke": [
                "#3D97F100",
                "#03A9F4D9"
            ],
            "strokeWidth": 1,
            "scaleX": 1.1030945004771593,
            "scaleY": 1.071237996288427,
            "value": "Time",
            "fontSize": 0.04096638655462185,
            "fontFamily": "Lato",
            "fontWeight": 900,
            "fontStyle": "normal",
            "charSpacing": 0
        },
        {
            "id": "u5xj14e",
            "label": "time",
            "top": 0.3989017650950587,
            "left": 0.7482638888888887,
            "width": 0,
            "height": 0,
            "angle": 0,
            "fill": [
                "#FFFFFF",
                "#FFFFFF"
            ],
            "stroke": [
                "#FFFFFF",
                "#FFFFFF"
            ],
            "strokeWidth": 0,
            "scaleX": 1.3243864237695542,
            "scaleY": 1.480106415267419,
            "value": "2h04m",
            "fontSize": 0.04096638655462185,
            "fontFamily": "Kanit",
            "fontWeight": 400,
            "fontStyle": "normal",
            "charSpacing": 0
        }
    ],
    "polys": [],
    "rects": [],
    "svgs": [
        {
            "left": 0.43206289952097365,
            "top": 0.6371042801328548,
            "width": 0.11332478125195386,
            "height": 0.2186427792491836,
            "url": "/svgs/swim.svg",
            "angle": 0,
            "stroke": null,
            "strokeWidth": 0,
            "fill": "rgb(0,0,0)",
            "scaleX": 1.7513829829847416,
            "scaleY": 1.7513829829847416
        }
    ],
    "height_percentage": 0.4240719766194919,
    "devicePixelRatio": 1.100000023841858
}