{
    "name": "default",
    "ignore": false,
    "texts": [
        {
            "id": "es6pg72",
            "label": "user",
            "top": 0.2649757383376219,
            "left": 0.08460575897594798,
            "width": 0,
            "height": 0,
            "angle": 0,
            "fill": [
                "#FFFFFF",
                "#FFFFFF"
            ],
            "stroke": [
                "#3D97F100",
                "#03A9F4D9"
            ],
            "strokeWidth": 1,
            "scaleX": 1.1030945004771593,
            "scaleY": 1.071237996288427,
            "value": "Distance",
            "fontSize": 0.04096638655462185,
            "fontFamily": "Lato",
            "fontWeight": 900,
            "fontStyle": "normal",
            "charSpacing": 0
        },
        {
            "id": "k9nz39u",
            "label": "distance",
            "top": 0.3851807607762222,
            "left": 0.11371649254205456,
            "width": 0,
            "height": 0,
            "angle": 0,
            "fill": [
                "#FFFFFF",
                "#FFFFFF"
            ],
            "stroke": [
                "#FFFFFF",
                "#FFFFFF"
            ],
            "strokeWidth": 0,
            "scaleX": 1.3541956570047957,
            "scaleY": 1.513420587440903,
            "value": "",
            "fontSize": 0.04096638655462185,
            "fontFamily": "Kanit",
            "fontWeight": 400,
            "fontStyle": "normal",
            "charSpacing": 0
        },
        {
            "id": "ucncncp",
            "label": "pace",
            "top": 0.3902045768604605,
            "left": 0.389756944444444,
            "width": 0,
            "height": 0,
            "angle": 0,
            "fill": [
                "#FFFFFF",
                "#FFFFFF"
            ],
            "stroke": [
                "#FFFFFF",
                "#FFFFFF"
            ],
            "strokeWidth": 0,
            "scaleX": 1.2883507821141547,
            "scaleY": 1.4398337399853627,
            "value": "",
            "fontSize": 0.04096638655462185,
            "fontFamily": "Kanit",
            "fontWeight": 400,
            "fontStyle": "normal",
            "charSpacing": 0
        },
        {
            "id": "tymvast",
            "label": "user",
            "top": 0.2619460499866045,
            "left": 0.4550931012731497,
            "width": 0,
            "height": 0,
            "angle": 0,
            "fill": [
                "#FFFFFF",
                "#FFFFFF"
            ],
            "stroke": [
                "#3D97F100",
                "#03A9F4D9"
            ],
            "strokeWidth": 1,
            "scaleX": 1.1030945004771593,
            "scaleY": 1.071237996288427,
            "value": "Pace",
            "fontSize": 0.04096638655462185,
            "fontFamily": "Lato",
            "fontWeight": 900,
            "fontStyle": "normal",
            "charSpacing": 0
        },
        {
            "id": "t925y03",
            "label": "user",
            "top": 0.2620739568051266,
            "left": 0.7797458790509274,
            "width": 0,
            "height": 0,
            "angle": 0,
            "fill": [
                "#FFFFFF",
                "#FFFFFF"
            ],
            "stroke": [
                "#3D97F100",
                "#03A9F4D9"
            ],
            "strokeWidth": 1,
            "scaleX": 1.1030945004771593,
            "scaleY": 1.071237996288427,
            "value": "Time",
            "fontSize": 0.04096638655462185,
            "fontFamily": "Lato",
            "fontWeight": 900,
            "fontStyle": "normal",
            "charSpacing": 0
        },
        {
            "id": "u5xj14e",
            "label": "time",
            "top": 0.3821095002372498,
            "left": 0.7482638888888887,
            "width": 0,
            "height": 0,
            "angle": 0,
            "fill": [
                "#FFFFFF",
                "#FFFFFF"
            ],
            "stroke": [
                "#FFFFFF",
                "#FFFFFF"
            ],
            "strokeWidth": 0,
            "scaleX": 1.3243864237695542,
            "scaleY": 1.480106415267419,
            "value": "",
            "fontSize": 0.04096638655462185,
            "fontFamily": "Kanit",
            "fontWeight": 400,
            "fontStyle": "normal",
            "charSpacing": 0
        }
    ],
    "polys": [],
    "rects": [],
    "svgs": [
        {
            "left": 0.4461805555555556,
            "top": 0.6134775036939626,
            "width": 0.10302252841086715,
            "height": 0.19039885464596606,
            "url": "/svgs/swim.svg",
            "angle": 0,
            "stroke": null,
            "strokeWidth": 0,
            "fill": "rgb(0,0,0)",
            "scaleX": 2.6973171074845217,
            "scaleY": 2.6973171074845217
        }
    ],
    "height_percentage": 0.4427083333333333,
    "devicePixelRatio": 1
}