{
    "name": "default",
    "ignore": false,
    "texts": [
        {
            "id": "es6pg72",
            "label": "user",
            "top": 0.6357555007408241,
            "left": 0.0427071021472429,
            "width": 0,
            "height": 0,
            "angle": 0,
            "fill": [
                "#FFFFFF",
                "#FFFFFF"
            ],
            "stroke": [
                "#FFFFFF",
                "#FFFFFF"
            ],
            "strokeWidth": 0,
            "scaleX": 0.8568537738411831,
            "scaleY": 0.832108508749484,
            "value": "Distance",
            "fontSize": 0.04096638655462185,
            "fontFamily": "Termina Test",
            "fontWeight": 600,
            "fontStyle": "normal",
            "charSpacing": 0
        },
        {
            "id": "k9nz39u",
            "label": "distance",
            "top": 0.6998861917200888,
            "left": 0.05234121694198013,
            "width": 0,
            "height": 0,
            "angle": 0,
            "fill": [
                "#FFFFFF",
                "#FFFFFF"
            ],
            "stroke": [
                "#FFFFFF",
                "#FFFFFF"
            ],
            "strokeWidth": 0,
            "scaleX": 1.0039620170887422,
            "scaleY": 1.1220068369082188,
            "value": "",
            "fontSize": 0.04096638655462185,
            "fontFamily": "Termina Test",
            "fontWeight": 600,
            "fontStyle": "normal",
            "charSpacing": 0
        },
        {
            "id": "ucncncp",
            "label": "pace",
            "top": 0.7021990890402509,
            "left": 0.5222473645665728,
            "width": 0,
            "height": 0,
            "angle": 0,
            "fill": [
                "#FFFFFF",
                "#FFFFFF"
            ],
            "stroke": [
                "#FFFFFF",
                "#FFFFFF"
            ],
            "strokeWidth": 0,
            "scaleX": 0.9551465057789686,
            "scaleY": 1.0674516480619707,
            "value": "",
            "fontSize": 0.04096638655462185,
            "fontFamily": "Termina Test",
            "fontWeight": 600,
            "fontStyle": "normal",
            "charSpacing": 0
        },
        {
            "id": "tymvast",
            "label": "user",
            "top": 0.6380764729556129,
            "left": 0.573141371017888,
            "width": 0,
            "height": 0,
            "angle": 0,
            "fill": [
                "#FFFFFF",
                "#FFFFFF"
            ],
            "stroke": [
                "#FFFFFF",
                "#FFFFFF"
            ],
            "strokeWidth": 0,
            "scaleX": 0.8568537738411831,
            "scaleY": 0.832108508749484,
            "value": "Pace",
            "fontSize": 0.04096638655462185,
            "fontFamily": "Termina Test",
            "fontWeight": 600,
            "fontStyle": "normal",
            "charSpacing": 0
        },
        {
            "id": "t925y03",
            "label": "user",
            "top": 0.6381381476877641,
            "left": 0.8078699954909353,
            "width": 0,
            "height": 0,
            "angle": 0,
            "fill": [
                "#FFFFFF",
                "#FFFFFF"
            ],
            "stroke": [
                "#FFFFFF",
                "#FFFFFF"
            ],
            "strokeWidth": 0,
            "scaleX": 0.8568537738411831,
            "scaleY": 0.832108508749484,
            "value": "Time",
            "fontSize": 0.04096638655462185,
            "fontFamily": "Termina Test",
            "fontWeight": 600,
            "fontStyle": "normal",
            "charSpacing": 0
        },
        {
            "id": "u5xj14e",
            "label": "time",
            "top": 0.7009033589655892,
            "left": 0.7797630605272209,
            "width": 0,
            "height": 0,
            "angle": 0,
            "fill": [
                "#FFFFFF",
                "#FFFFFF"
            ],
            "stroke": [
                "#FFFFFF",
                "#FFFFFF"
            ],
            "strokeWidth": 0,
            "scaleX": 0.9818623021975313,
            "scaleY": 1.0973086603043236,
            "value": "",
            "fontSize": 0.04096638655462185,
            "fontFamily": "Termina Test",
            "fontWeight": 600,
            "fontStyle": "normal",
            "charSpacing": 0
        },
        {
            "id": "namjal4",
            "label": "user",
            "top": 0.635853578649194,
            "left": 0.28677977328943627,
            "width": 0,
            "height": 0,
            "angle": 0,
            "fill": [
                "#FFFFFF",
                "#FFFFFF"
            ],
            "stroke": [
                "#FFFFFF",
                "#FFFFFF"
            ],
            "strokeWidth": 0,
            "scaleX": 0.8568537738411831,
            "scaleY": 0.832108508749484,
            "value": "Elev gain",
            "fontSize": 0.04096638655462185,
            "fontFamily": "Termina Test",
            "fontWeight": 600,
            "fontStyle": "normal",
            "charSpacing": 0
        },
        {
            "id": "ceb9pcy",
            "label": "elevation",
            "top": 0.7025979442378764,
            "left": 0.29620913730275145,
            "width": 0,
            "height": 0,
            "angle": 0,
            "fill": [
                "#FFFFFF",
                "#FFFFFF"
            ],
            "stroke": [
                "#FFFFFF",
                "#FFFFFF"
            ],
            "strokeWidth": 0,
            "scaleX": 1.0039620170887422,
            "scaleY": 1.1220068369082188,
            "value": "",
            "fontSize": 0.04096638655462185,
            "fontFamily": "Termina Test",
            "fontWeight": 600,
            "fontStyle": "normal",
            "charSpacing": 0
        }
    ],
    "polys": [
        {
            "id": "",
            "label": "track_profile",
            "top": 0.07257660732402589,
            "left": 0.2569444444444444,
            "width": 0,
            "height": 0,
            "angle": 0,
            "fill": [
                null,
                null
            ],
            "stroke": [
                "#3EC3FF",
                "#FF3A75"
            ],
            "strokeWidth": 2,
            "scaleX": 0.5,
            "scaleY": 0.5
        },
        {
            "id": "",
            "label": "elevation_profile",
            "top": 0.8692394452998999,
            "left": 0.10069444444444464,
            "width": 0,
            "height": 0,
            "angle": 0,
            "fill": [
                "#3D97F133",
                "#731636"
            ],
            "stroke": [
                "#DCBCD0",
                "#B175FF"
            ],
            "strokeWidth": 2,
            "scaleX": 0.7677596223332452,
            "scaleY": 0.7677596223332452
        }
    ],
    "rects": [],
    "svgs": [],
    "height_percentage": 0.7131782929756709,
    "devicePixelRatio": 1
}