{
    "name": "default",
    "ignore": true,
    "texts": [
        {
            "id": "9nrqhm6",
            "label": "user",
            "top": 0.32222911293790896,
            "left": 0.24648758809093568,
            "width": 0,
            "height": 0,
            "angle": 0,
            "fill": [
                "#FFFFFF",
                "#FFFFFF"
            ],
            "stroke": [
                "#FFFFFF",
                "#FFFFFF"
            ],
            "strokeWidth": 0,
            "scaleX": 0.976850740378926,
            "scaleY": 0.976850740378926,
            "value": "Total active days",
            "fontSize": 0.052083333333333336,
            "fontFamily": "Termina Test",
            "fontWeight": 400,
            "fontStyle": "normal",
            "charSpacing": 0
        },
        {
            "id": "82ui9qk",
            "label": "user",
            "top": 0.4868247524157856,
            "left": 0.2447916666666667,
            "width": 0,
            "height": 0,
            "angle": 0,
            "fill": [
                "#FFFFFF",
                "#FFFFFF"
            ],
            "stroke": [
                "#FFFFFF",
                "#FFFFFF"
            ],
            "strokeWidth": 0,
            "scaleX": 0.976850740378926,
            "scaleY": 0.976850740378926,
            "value": "Total distance",
            "fontSize": 0.052083333333333336,
            "fontFamily": "Termina Test",
            "fontWeight": 400,
            "fontStyle": "normal",
            "charSpacing": 0
        },
        {
            "id": "tohnkuu",
            "label": "user",
            "top": 0.643623716268812,
            "left": 0.24733554880307018,
            "width": 0,
            "height": 0,
            "angle": 0,
            "fill": [
                "#FFFFFF",
                "#FFFFFF"
            ],
            "stroke": [
                "#FFFFFF",
                "#FFFFFF"
            ],
            "strokeWidth": 0,
            "scaleX": 0.976850740378926,
            "scaleY": 0.976850740378926,
            "value": "Total time",
            "fontSize": 0.052083333333333336,
            "fontFamily": "Termina Test",
            "fontWeight": 400,
            "fontStyle": "normal",
            "charSpacing": 0
        },
        {
            "id": "2w7hbm6",
            "label": "user",
            "top": 0.7993311218506405,
            "left": 0.2447916666666667,
            "width": 0,
            "height": 0,
            "angle": 0,
            "fill": [
                "#FFFFFF",
                "#FFFFFF"
            ],
            "stroke": [
                "#FFFFFF",
                "#FFFFFF"
            ],
            "strokeWidth": 0,
            "scaleX": 0.976850740378926,
            "scaleY": 0.976850740378926,
            "value": "Total elevation",
            "fontSize": 0.052083333333333336,
            "fontFamily": "Termina Test",
            "fontWeight": 400,
            "fontStyle": "normal",
            "charSpacing": 0
        },
        {
            "id": "taelo8k",
            "label": "total_active_days",
            "top": 0.3731766083256931,
            "left": 0.24392361111111102,
            "width": 0,
            "height": 0,
            "angle": 0,
            "fill": [
                "#FFFFFF",
                "#FFFFFF"
            ],
            "stroke": [
                "#FFFFFF",
                "#FFFFFF"
            ],
            "strokeWidth": 0,
            "scaleX": 1.5010351128865662,
            "scaleY": 1.5010351128865662,
            "value": "N/A",
            "fontSize": 0.052083333333333336,
            "fontFamily": "Termina Test",
            "fontWeight": 400,
            "fontStyle": "normal",
            "charSpacing": 0
        },
        {
            "id": "fyk2zmc",
            "label": "total_distance",
            "top": 0.530533139771247,
            "left": 0.24392361111111102,
            "width": 0,
            "height": 0,
            "angle": 0,
            "fill": [
                "#FFFFFF",
                "#FFFFFF"
            ],
            "stroke": [
                "#FFFFFF",
                "#FFFFFF"
            ],
            "strokeWidth": 0,
            "scaleX": 1.5010351128865662,
            "scaleY": 1.5010351128865662,
            "value": "N/A",
            "fontSize": 0.052083333333333336,
            "fontFamily": "Termina Test",
            "fontWeight": 400,
            "fontStyle": "normal",
            "charSpacing": 0
        },
        {
            "id": "w9l7kxa",
            "label": "total_time",
            "top": 0.6879535592375035,
            "left": 0.2447632550113175,
            "width": 0,
            "height": 0,
            "angle": 0,
            "fill": [
                "#FFFFFF",
                "#FFFFFF"
            ],
            "stroke": [
                "#FFFFFF",
                "#FFFFFF"
            ],
            "strokeWidth": 0,
            "scaleX": 1.5010351128865662,
            "scaleY": 1.5010351128865662,
            "value": "N/A",
            "fontSize": 0.052083333333333336,
            "fontFamily": "Termina Test",
            "fontWeight": 400,
            "fontStyle": "normal",
            "charSpacing": 0
        },
        {
            "id": "4l52qd4",
            "label": "total_elevation",
            "top": 0.8453164052309503,
            "left": 0.2447632550113175,
            "width": 0,
            "height": 0,
            "angle": 0,
            "fill": [
                "#FFFFFF",
                "#FFFFFF"
            ],
            "stroke": [
                "#FFFFFF",
                "#FFFFFF"
            ],
            "strokeWidth": 0,
            "scaleX": 1.5010351128865662,
            "scaleY": 1.5010351128865662,
            "value": "N/A",
            "fontSize": 0.052083333333333336,
            "fontFamily": "Termina Test",
            "fontWeight": 400,
            "fontStyle": "normal",
            "charSpacing": 0
        },
        {
            "id": "1o86lhm",
            "label": "user",
            "top": 0.10315658337155027,
            "left": 0.4045138888888889,
            "width": 0,
            "height": 0,
            "angle": 0,
            "fill": [
                "#FFFFFF",
                "#FFFFFF"
            ],
            "stroke": [
                "#FFFFFF",
                "#FFFFFF"
            ],
            "strokeWidth": 0,
            "scaleX": 0.5854274134752347,
            "scaleY": 0.5854274134752347,
            "value": "Top Sport\n    2025",
            "fontSize": 0.052083333333333336,
            "fontFamily": "Termina Test",
            "fontWeight": 400,
            "fontStyle": "normal",
            "charSpacing": 0
        }
    ],
    "polys": [],
    "rects": [
        { 
            "id": "",
            "label": "user",
            "top": 0.045531197301854974,
            "left": 0.3767502266551684,
            "width": 0.23608413328774372,
            "height": 0.21752476484014518,
            "angle": 0,
            "fill": [
                "#3D97F133",
                "#731636"
            ],
            "stroke": [
                "#FFFFFF",
                "#FFFFFF"
            ],
            "strokeWidth": 0,
            "scaleX": 1,
            "scaleY": 1,
            "rx": 85,
            "ry": 85
        },
        {
            "id": "",
            "label": "user",
            "top": 0.023608768971332208,
            "left": 0.16493055555555566,
            "width": 0.6666666666666665,
            "height": 0.9258010118043845,
            "angle": 0,
            "fill": [
                "#00000042",
                "#00000042"
            ],
            "stroke": [
                "#FFCD23",
                "#FFCD23"
            ],
            "strokeWidth": 0,
            "scaleX": 1,
            "scaleY": 1,
            "rx": 20,
            "ry": 20
        }
    ],