{
    "name": "default",
    "ignore": true,
    "texts": [
        {
            "id": "9nrqhm6",
            "label": "user",
            "top": 0.30919395464754046,
            "left": 0.17704314364649124,
            "width": 0,
            "height": 0,
            "angle": 0,
            "fill": [
                "#FFFFFF",
                "#FFFFFF"
            ],
            "stroke": [
                "#FFFFFF",
                "#FFFFFF"
            ],
            "strokeWidth": 0,
            "scaleX": 0.976850740378926,
            "scaleY": 0.976850740378926,
            "value": "Total active days",
            "fontSize": 0.052083333333333336,
            "fontFamily": "Termina Test",
            "fontWeight": 400,
            "fontStyle": "normal",
            "charSpacing": 0
        },
        {
            "id": "82ui9qk",
            "label": "user",
            "top": 0.4671311944701632,
            "left": 0.17534722222222227,
            "width": 0,
            "height": 0,
            "angle": 0,
            "fill": [
                "#FFFFFF",
                "#FFFFFF"
            ],
            "stroke": [
                "#FFFFFF",
                "#FFFFFF"
            ],
            "strokeWidth": 0,
            "scaleX": 0.976850740378926,
            "scaleY": 0.976850740378926,
            "value": "Total distance",
            "fontSize": 0.052083333333333336,
            "fontFamily": "Termina Test",
            "fontWeight": 400,
            "fontStyle": "normal",
            "charSpacing": 0
        },
        {
            "id": "tohnkuu",
            "label": "user",
            "top": 0.6175871581673228,
            "left": 0.1778911043586257,
            "width": 0,
            "height": 0,
            "angle": 0,
            "fill": [
                "#FFFFFF",
                "#FFFFFF"
            ],
            "stroke": [
                "#FFFFFF",
                "#FFFFFF"
            ],
            "strokeWidth": 0,
            "scaleX": 0.976850740378926,
            "scaleY": 0.976850740378926,
            "value": "Total time",
            "fontSize": 0.052083333333333336,
            "fontFamily": "Termina Test",
            "fontWeight": 400,
            "fontStyle": "normal",
            "charSpacing": 0
        },
        {
            "id": "2w7hbm6",
            "label": "user",
            "top": 0.766995720481278,
            "left": 0.17534722222222227,
            "width": 0,
            "height": 0,
            "angle": 0,
            "fill": [
                "#FFFFFF",
                "#FFFFFF"
            ],
            "stroke": [
                "#FFFFFF",
                "#FFFFFF"
            ],
            "strokeWidth": 0,
            "scaleX": 0.976850740378926,
            "scaleY": 0.976850740378926,
            "value": "Total elevation",
            "fontSize": 0.052083333333333336,
            "fontFamily": "Termina Test",
            "fontWeight": 400,
            "fontStyle": "normal",
            "charSpacing": 0
        },
        {
            "id": "taelo8k",
            "label": "total_active_days",
            "top": 0.35808046721219416,
            "left": 0.1744791666666666,
            "width": 0,
            "height": 0,
            "angle": 0,
            "fill": [
                "#FFFFFF",
                "#FFFFFF"
            ],
            "stroke": [
                "#FFFFFF",
                "#FFFFFF"
            ],
            "strokeWidth": 0,
            "scaleX": 1.5010351128865662,
            "scaleY": 1.5010351128865662,
            "value": "N/A",
            "fontSize": 0.052083333333333336,
            "fontFamily": "Termina Test",
            "fontWeight": 400,
            "fontStyle": "normal",
            "charSpacing": 0
        },
        {
            "id": "fyk2zmc",
            "label": "total_distance",
            "top": 0.5090714431785591,
            "left": 0.1744791666666666,
            "width": 0,
            "height": 0,
            "angle": 0,
            "fill": [
                "#FFFFFF",
                "#FFFFFF"
            ],
            "stroke": [
                "#FFFFFF",
                "#FFFFFF"
            ],
            "strokeWidth": 0,
            "scaleX": 1.5010351128865662,
            "scaleY": 1.5010351128865662,
            "value": "N/A",
            "fontSize": 0.052083333333333336,
            "fontFamily": "Termina Test",
            "fontWeight": 400,
            "fontStyle": "normal",
            "charSpacing": 0
        },
        {
            "id": "w9l7kxa",
            "label": "total_time",
            "top": 0.6601237226987695,
            "left": 0.17531881056687307,
            "width": 0,
            "height": 0,
            "angle": 0,
            "fill": [
                "#FFFFFF",
                "#FFFFFF"
            ],
            "stroke": [
                "#FFFFFF",
                "#FFFFFF"
            ],
            "strokeWidth": 0,
            "scaleX": 1.5010351128865662,
            "scaleY": 1.5010351128865662,
            "value": "N/A",
            "fontSize": 0.052083333333333336,
            "fontFamily": "Termina Test",
            "fontWeight": 400,
            "fontStyle": "normal",
            "charSpacing": 0
        },
        {
            "id": "4l52qd4",
            "label": "total_elevation",
            "top": 0.8111207577701514,
            "left": 0.17531881056687307,
            "width": 0,
            "height": 0,
            "angle": 0,
            "fill": [
                "#FFFFFF",
                "#FFFFFF"
            ],
            "stroke": [
                "#FFFFFF",
                "#FFFFFF"
            ],
            "strokeWidth": 0,
            "scaleX": 1.5010351128865662,
            "scaleY": 1.5010351128865662,
            "value": "N/A",
            "fontSize": 0.052083333333333336,
            "fontFamily": "Termina Test",
            "fontWeight": 400,
            "fontStyle": "normal",
            "charSpacing": 0
        },
        {
            "id": "1o86lhm",
            "label": "user",
            "top": 0.09574733647140665,
            "left": 0.2013888888888889,
            "width": 0,
            "height": 0,
            "angle": 0,
            "fill": [
                "#FFFFFF",
                "#FFFFFF"
            ],
            "stroke": [
                "#FFFFFF",
                "#FFFFFF"
            ],
            "strokeWidth": 0,
            "scaleX": 0.5854274134752347,
            "scaleY": 0.5854274134752347,
            "value": "Top Sport\n    2025",
            "fontSize": 0.052083333333333336,
            "fontFamily": "Termina Test",
            "fontWeight": 400,
            "fontStyle": "normal",
            "charSpacing": 0
        }
    ],
    "polys": [],
    "rects": [
        {
            "id": "",
            "label": "user",
            "top": 0.045307443365695796,
            "left": 0.17362522665516839,
            "width": 0.23608413328774372,
            "height": 0.20872521933690308,
            "angle": 0,
            "fill": [
                "#E91E63",
                "#FC5200"
            ],
            "stroke": [
                "#FFCD23",
                "#FFCD23"
            ],
            "strokeWidth": 0,
            "scaleX": 1,
            "scaleY": 1,
            "rx": 85,
            "ry": 85
        }
    ],
    "svgs": [
        {
            "left": 0.25000000000000017,
            "top": 0.17599970730068765,
            "width": 0.07590987389321252,
            "height": 0.05260209308363194,
            "url": "/svgs/run-sport.svg",
            "angle": 0,
            "stroke": null,
            "strokeWidth": 0,
            "fill": "rgb(0,0,0)",
            "scaleX": 0.09724126346656999,
            "scaleY": 0.09724126346656999
        }
    ],
    "height_percentage": 1.0729166666666667,
    "devicePixelRatio": 1
}